name,createdAt,updatedAt,releases,primaryLanguage,mergedPullRequests,closedIssues,totalIssues,closedVsTotalIssues,daysSinceLastUpdate,repoAgeInDays,popularLanguage
freeCodeCamp,2014-12-24,2019-09-09,0,JavaScript,11942,13626,13782,0.989,0,1720,True
996.ICU,2019-03-26,2019-09-09,0,Rust,1026,0,0,0,0,167,False
vue,2013-07-29,2019-09-09,207,JavaScript,907,8137,8377,0.971,0,2233,True
react,2013-05-24,2019-09-09,83,JavaScript,5932,7425,8016,0.926,0,2299,True
bootstrap,2011-07-29,2019-09-09,55,JavaScript,5122,18450,18759,0.984,0,2964,True
tensorflow,2015-11-07,2019-09-09,85,C++,8307,17521,19944,0.879,0,1402,True
free-programming-books,2013-10-11,2019-09-09,0, ,2367,366,401,0.913,0,2159,False
awesome,2014-07-11,2019-09-09,0, ,422,217,230,0.943,0,1886,False
You-Dont-Know-JS,2013-11-16,2019-09-09,0, ,334,683,774,0.882,0,2123,False
oh-my-zsh,2009-08-28,2019-09-09,0,Shell,2015,2801,2980,0.94,0,3664,False
gitignore,2010-11-08,2019-09-09,0, ,1314,0,0,0,0,3227,False
coding-interview-university,2016-06-06,2019-09-09,0, ,155,68,104,0.654,0,1190,False
javascript,2012-11-01,2019-09-09,0,JavaScript,709,840,918,0.915,0,2503,True
developer-roadmap,2017-03-15,2019-09-09,2, ,24,240,405,0.593,0,908,False
d3,2010-09-27,2019-09-09,147,JavaScript,432,2009,2013,0.998,0,3269,True
vscode,2015-09-03,2019-09-09,0,TypeScript,4073,68106,73916,0.921,0,1467,True
react-native,2015-01-09,2019-09-09,128,JavaScript,605,16766,17412,0.963,0,1704,True
linux,2011-09-04,2019-09-09,0,C,9,0,0,0,0,2927,True
electron,2013-04-12,2019-09-09,470,C++,7339,10453,11439,0.914,0,2341,True
CS-Notes,2018-02-13,2019-09-09,0,Java,336,321,331,0.97,0,573,True
flutter,2015-03-06,2019-09-09,0,Dart,11476,17286,24957,0.693,0,1648,False
awesome-python,2014-06-27,2019-09-09,0,Python,441,89,152,0.586,0,1900,True
system-design-primer,2017-02-26,2019-09-09,0,Python,144,28,93,0.301,0,925,True
create-react-app,2016-07-17,2019-09-09,68,JavaScript,1537,4544,4905,0.926,0,1149,True
the-art-of-command-line,2015-05-20,2019-09-09,0, ,301,76,153,0.497,0,1573,False
axios,2014-08-18,2019-09-09,20,JavaScript,247,1308,1869,0.7,0,1848,True
node,2014-11-26,2019-09-09,120,JavaScript,2063,9625,10417,0.924,0,1748,True
go,2014-08-19,2019-09-09,0,Go,0,28414,33294,0.853,0,1847,False
animate.css,2011-10-12,2019-09-09,19,CSS,134,641,656,0.977,0,2889,False
public-apis,2016-03-20,2019-09-09,0,Python,674,96,110,0.873,0,1268,True
Font-Awesome,2012-02-17,2019-09-09,30,JavaScript,170,9958,14852,0.67,0,2761,True
angular.js,2010-01-06,2019-09-08,0,JavaScript,769,8562,8950,0.957,1,3533,True
Python-100-Days,2018-03-01,2019-09-09,0,Jupyter Notebook,12,43,202,0.213,0,557,False
kubernetes,2014-06-06,2019-09-09,335,Go,38893,29508,31707,0.931,0,1921,False
models,2016-02-05,2019-09-09,8,Python,1780,3123,4613,0.677,0,1312,True
free-programming-books-zh_CN,2013-11-04,2019-09-09,3, ,257,206,321,0.642,0,2135,False
youtube-dl,2010-10-31,2019-09-09,273,Python,1370,15310,17799,0.86,0,3235,True
laravel,2011-06-08,2019-09-09,21,PHP,1166,0,0,0,0,3015,True
moby,2013-01-18,2019-09-09,80,Go,15804,16030,19655,0.816,0,2425,False
Python,2016-07-16,2019-09-09,0,Jupyter Notebook,586,123,178,0.691,0,1150,False
three.js,2010-03-23,2019-09-09,100,JavaScript,5995,8462,9074,0.933,0,3457,True
JavaGuide,2018-05-07,2019-09-09,0,Java,183,160,198,0.808,0,490,True
puppeteer,2017-05-09,2019-09-09,32,JavaScript,1329,2752,3245,0.848,0,853,True
TypeScript,2014-06-17,2019-09-09,85,TypeScript,8258,19560,23195,0.843,0,1910,True
javascript-algorithms,2018-03-24,2019-09-09,0,JavaScript,142,69,108,0.639,0,534,True
jquery,2009-04-03,2019-09-09,0,JavaScript,384,1835,1905,0.963,0,3811,True
terminal,2017-08-11,2019-09-09,8,C++,412,1548,2173,0.712,0,759,True
ant-design,2015-04-24,2019-09-09,275,TypeScript,3741,13558,13878,0.977,0,1599,True
angular,2014-09-18,2019-09-09,0,TypeScript,2903,16089,18764,0.857,0,1817,True
java-design-patterns,2014-08-09,2019-09-09,0,Java,305,278,459,0.606,0,1857,True
webpack,2012-03-10,2019-09-09,181,JavaScript,2351,6152,6585,0.934,0,2739,True
redux,2015-05-29,2019-09-09,60,TypeScript,1210,1648,1675,0.984,0,1564,True
material-ui,2014-08-18,2019-09-09,229,JavaScript,6365,9013,9361,0.963,0,1848,True
atom,2012-01-20,2019-09-09,498,JavaScript,3515,14505,15018,0.966,0,2789,True
swift,2015-10-23,2019-09-09,17,C++,23661,0,0,0,0,1417,True
30-seconds-of-code,2017-11-29,2019-09-09,4,JavaScript,611,193,203,0.951,0,649,True
awesome-vue,2015-10-20,2019-09-09,0, ,2523,72,147,0.49,0,1420,False
reveal.js,2011-06-07,2019-09-09,25,JavaScript,308,1279,1682,0.76,0,3016,True
awesome-go,2014-07-06,2019-09-09,0,Go,1827,187,195,0.959,0,1891,False
socket.io,2010-03-11,2019-09-09,18,JavaScript,374,2340,2741,0.854,0,3469,True
Chart.js,2013-03-17,2019-09-09,39,JavaScript,1171,4241,4719,0.899,0,2367,True
lantern,2011-02-17,2019-09-09,84,Go,686,0,0,0,0,3126,False
Apollo-11,2014-04-03,2019-09-09,0,Assembly,174,244,264,0.924,0,1985,False
rails,2008-04-11,2019-09-09,6,Ruby,15918,12575,12939,0.972,0,4168,True
elasticsearch,2010-02-08,2019-09-09,7,Java,19548,19113,21019,0.909,0,3500,True
keras,2015-03-28,2019-09-09,20,Python,2369,6992,9515,0.735,0,1626,True
django,2012-04-28,2019-09-09,0,Python,4766,0,0,0,0,2690,True
computer-science,2014-05-04,2019-09-09,0, ,135,361,386,0.935,0,1954,False
html5-boilerplate,2010-01-24,2019-09-09,28,JavaScript,305,1147,1150,0.997,0,3515,True
json-server,2013-11-27,2019-09-09,5,JavaScript,87,380,803,0.473,0,2112,True
keras,2015-03-28,2019-09-09,20,Python,2369,6992,9515,0.735,0,1626,True
django,2012-04-28,2019-09-09,0,Python,4766,0,0,0,0,2690,True
computer-science,2014-05-04,2019-09-09,0, ,135,361,386,0.935,0,1954,False
html5-boilerplate,2010-01-24,2019-09-09,28,JavaScript,305,1147,1150,0.997,0,3515,True
httpie,2012-02-25,2019-09-09,31,Python,105,438,553,0.792,0,2753,True
json-server,2013-11-27,2019-09-09,5,JavaScript,87,380,803,0.473,0,2112,True
moment,2011-03-01,2019-09-09,0,JavaScript,601,3180,3447,0.923,0,3114,True
shadowsocks-windows,2013-01-14,2019-09-09,40,C#,175,2092,2202,0.95,0,2429,True
Front-end-Developer-Interview-Questions,2012-02-09,2019-09-09,0,HTML,312,92,97,0.948,0,2769,False
resume.github.com,2011-02-06,2019-09-09,0,JavaScript,84,54,83,0.651,0,3137,True
awesome-machine-learning,2014-07-15,2019-09-09,0,Python,535,58,60,0.967,0,1882,True
spring-boot,2012-10-19,2019-09-09,35,Java,41,14133,14496,0.975,0,2516,True
meteor,2012-01-19,2019-09-09,0,JavaScript,1089,7772,8102,0.959,0,2790,True
lodash,2012-04-07,2019-09-09,2,JavaScript,549,3455,3464,0.997,0,2711,True
storybook,2016-03-18,2019-09-09,336,TypeScript,3263,3548,3903,0.909,0,1270,True
netdata,2013-06-17,2019-09-09,23,C,2568,3412,3949,0.864,0,2275,True
element,2016-09-03,2019-09-09,125,Vue,3010,12599,13343,0.944,0,1101,False
next.js,2016-10-05,2019-09-08,391,JavaScript,3046,4541,4793,0.947,1,1069,True
markdown-here,2012-05-13,2019-09-09,11,JavaScript,20,286,524,0.546,0,2675,True
RxJava,2013-01-08,2019-09-09,179,Java,2692,2756,2767,0.996,0,2435,True
vue-element-admin,2017-04-17,2019-09-09,45,Vue,252,1823,2190,0.832,0,875,False
LeetCodeAnimation,2018-12-06,2019-09-09,0,Java,4,18,18,1.0,0,277,True
requests,2011-02-13,2019-09-09,0,Python,1303,2763,2973,0.929,0,3130,True
bitcoin,2010-12-19,2019-09-09,29,C++,7738,4178,4883,0.856,0,3186,True
every-programmer-should-know,2017-08-24,2019-09-09,0, ,77,13,26,0.5,0,746,False
ansible,2012-03-06,2019-09-09,3,Python,27471,20326,24378,0.834,0,2743,True
rust,2010-06-16,2019-09-09,0,Rust,24451,26197,31154,0.841,0,3372,False
ionic,2013-08-20,2019-09-09,163,TypeScript,1864,15337,16029,0.957,0,2211,True
material-design-icons,2014-10-08,2019-09-09,14,CSS,23,300,832,0.361,0,1797,False
interviews,2017-02-14,2019-09-09,0,Java,42,14,36,0.389,0,937,True
jekyll,2008-10-20,2019-09-09,93,Ruby,2608,3928,3997,0.983,0,3976,True
redis,2009-03-21,2019-09-09,0,C,773,2183,3770,0.579,0,3824,True
FiraCode,2014-11-11,2019-09-09,19,Clojure,75,537,717,0.749,0,1763,False
opencv,2012-07-19,2019-09-09,38,C++,7819,3964,5679,0.698,0,2608,True
hugo,2013-07-04,2019-09-09,96,Go,902,3560,3932,0.905,0,2258,False
deno,2018-05-15,2019-09-09,51,Rust,1365,808,1015,0.796,0,482,False
gatsby,2015-05-21,2019-09-09,74,JavaScript,8298,7246,7788,0.93,0,1572,True
react-router,2014-05-16,2019-09-09,138,JavaScript,1092,5050,5093,0.992,0,1942,True
architect-awesome,2018-04-06,2019-09-09,0, ,41,17,51,0.333,0,521,False
protobuf,2014-08-26,2019-09-09,35,C++,2326,2846,3474,0.819,0,1840,True
scikit-learn,2010-08-17,2019-09-09,14,Python,5120,5281,6590,0.801,0,3310,True
nvm,2010-04-15,2019-09-09,49,Shell,532,1063,1297,0.82,0,3434,False
yarn,2016-01-19,2019-09-09,127,JavaScript,1621,3446,5300,0.65,0,1329,True
bulma,2016-01-23,2019-09-09,9,CSS,462,1610,1820,0.885,0,1325,False
materialize,2014-09-12,2019-09-08,41,JavaScript,446,4504,5029,0.896,1,1823,True
incubator-echarts,2013-04-03,2019-09-09,59,JavaScript,249,8213,10745,0.764,0,2350,True
normalize.css,2011-05-04,2019-09-09,0,CSS,56,430,447,0.962,0,3050,False
papers-we-love,2013-12-15,2019-09-09,0, ,353,110,120,0.917,0,2094,False
hacker-scripts,2015-11-21,2019-09-09,0,JavaScript,55,24,53,0.453,0,1388,True
Front-End-Checklist,2017-10-16,2019-09-09,1,JavaScript,133,91,97,0.938,0,693,True
awesome-android-ui,2014-12-24,2019-09-09,0, ,52,0,0,0,0,1720,False
nw.js,2012-01-04,2019-09-08,0,C++,549,5614,6350,0.884,1,2805,True
freecodecamp.cn,2016-09-30,2019-09-09,0,CSS,55,440,570,0.772,0,1074,False
node-v0.x-archive,2009-05-27,2019-09-09,0, ,218,5848,6383,0.916,0,3757,False
awesome-selfhosted,2015-06-01,2019-09-09,0,JavaScript,1084,416,469,0.887,0,1561,True
impress.js,2011-12-28,2019-09-09,13,JavaScript,86,383,428,0.895,0,2812,True
awesome-public-datasets,2014-11-20,2019-09-09,0, ,187,41,82,0.5,0,1754,False
babel,2014-09-28,2019-09-09,177,JavaScript,2871,5957,6590,0.904,0,1807,True
scrapy,2010-02-22,2019-09-09,10,Python,1252,1557,1982,0.786,0,3486,True
x64dbg,2015-04-11,2019-09-09,2,C++,416,1344,1685,0.798,0,1612,True
okhttp,2012-07-23,2019-09-09,0,Java,2113,2606,2785,0.936,0,2604,True
android-architecture,2016-02-05,2019-09-09,0,Kotlin,166,261,361,0.723,0,1312,False
tech-interview-handbook,2016-07-05,2019-09-09,0,JavaScript,93,12,19,0.632,0,1161,True
TensorFlow-Examples,2015-11-11,2019-09-09,0,Jupyter Notebook,71,55,192,0.286,0,1398,False
guava,2014-05-29,2019-09-09,27,Java,102,2376,3008,0.79,0,1929,True
retrofit,2010-09-06,2019-09-09,27,Java,678,2179,2242,0.972,0,3290,True
prettier,2016-11-29,2019-09-09,59,JavaScript,2453,2982,3588,0.831,0,1014,True
awesome-react,2014-08-06,2019-09-09,0, ,667,56,58,0.966,0,1860,False
DeepLearning-500-questions,2018-06-27,2019-09-09,0, ,284,73,132,0.553,0,439,False
big-list-of-naughty-strings,2015-08-08,2019-09-09,0,Python,71,24,68,0.353,0,1493,True
parcel,2017-08-07,2019-09-08,0,JavaScript,785,1598,2345,0.681,1,763,True
neovim,2014-01-31,2019-09-09,17,Vim script,3730,4204,4890,0.86,0,2047,False
nodebestpractices,2017-09-15,2019-09-09,0,JavaScript,347,135,154,0.877,0,724,True
awesome-ios,2014-07-10,2019-09-09,0,Swift,2039,424,425,0.998,0,1887,True
anime,2016-03-13,2019-09-09,12,JavaScript,61,389,477,0.816,0,1275,True
AFNetworking,2011-05-31,2019-09-09,38,Objective-C,659,2612,2935,0.89,0,3023,False
awesome-nodejs,2014-07-11,2019-09-09,0, ,325,85,86,0.988,0,1886,False
spring-framework,2010-12-08,2019-09-09,158,Java,386,17683,18521,0.955,0,3197,True
build-web-application-with-golang,2012-08-02,2019-09-09,0,Go,725,165,266,0.62,0,2594,False
awesome-mac,2016-07-17,2019-09-09,0,JavaScript,398,191,233,0.82,0,1149,True
serverless,2015-04-21,2019-09-09,120,JavaScript,2300,3220,3779,0.852,0,1602,True
Alamofire,2014-07-31,2019-09-09,69,Swift,375,2155,2172,0.992,0,1866,True
git-flight-rules,2014-07-22,2019-09-09,0, ,193,45,51,0.882,0,1875,False
gogs,2014-02-12,2019-09-09,56,Go,905,3748,4391,0.854,0,2035,False
realworld,2016-02-26,2019-09-09,0,JavaScript,115,120,275,0.436,0,1291,True
pytorch,2016-08-13,2019-09-09,22,C++,3856,6930,10158,0.682,0,1122,True
gulp,2013-07-04,2019-09-09,22,JavaScript,377,1734,1754,0.989,0,2258,True
material-design-lite,2015-01-14,2019-09-08,14,HTML,655,1784,2138,0.834,1,1699,False
Awesome-Hacking,2016-03-30,2019-09-09,0, ,17,12,12,1.0,0,1258,False
shadowsocks,2012-04-20,2019-09-09,2,Python,70,0,0,0,0,2698,True
gin,2014-06-16,2019-09-09,8,Go,533,1059,1220,0.868,0,1911,False
nocode,2018-02-06,2019-09-09,1,Dockerfile,1,314,2779,0.113,0,580,False
hyper,2016-07-01,2019-09-09,63,JavaScript,722,1955,2798,0.699,0,1165,True
grafana,2013-12-11,2019-09-09,144,TypeScript,4468,11258,13261,0.849,0,2098,True
Ghost,2013-05-04,2019-09-09,267,JavaScript,4364,5462,5508,0.992,0,2319,True
awesome-courses,2014-11-15,2019-09-09,0, ,181,32,57,0.561,0,1759,False
pm2,2013-05-21,2019-09-09,91,JavaScript,469,2962,3687,0.803,0,2302,True
jQuery-File-Upload,2010-12-01,2019-09-08,0,PHP,113,0,0,0,1,3204,True
brackets,2011-12-07,2019-09-09,67,JavaScript,4302,6955,9345,0.744,0,2833,True
AdminLTE,2013-12-25,2019-09-09,57,HTML,229,1775,1806,0.983,0,2084,False
tesseract,2014-08-12,2019-09-09,7,C++,926,1361,1582,0.86,0,1854,True
vue2-elm,2016-12-23,2019-09-09,0,Vue,19,420,464,0.905,0,990,False
advanced-java,2018-10-06,2019-09-09,0,Java,29,45,64,0.703,0,338,True
git,2008-07-23,2019-09-09,0,C,2,0,0,0,0,4065,True
awesome-interview-questions,2015-11-28,2019-09-09,0, ,117,18,21,0.857,0,1381,False
android-open-project,2014-01-05,2019-09-09,0, ,201,67,76,0.882,0,2073,False
caffe,2013-09-12,2019-09-09,14,C++,1086,3841,4615,0.832,0,2188,True
dubbo,2012-06-19,2019-09-09,20,Java,1239,2387,2834,0.842,0,2638,True
discourse,2013-01-12,2019-09-09,0,Ruby,6260,0,0,0,0,2431,True
kotlin,2012-02-13,2019-09-09,130,Kotlin,955,0,0,0,0,2765,False
Projects,2013-07-04,2019-09-09,0, ,19,29,54,0.537,0,2258,False
33-js-concepts,2018-09-04,2019-09-09,0,JavaScript,78,14,19,0.737,0,370,True
github-cheat-sheet,2014-04-12,2019-09-08,0, ,125,40,43,0.93,1,1976,False
XX-Net,2015-01-15,2019-09-09,272,Python,354,4635,12030,0.385,0,1698,True
MPAndroidChart,2014-04-25,2019-09-09,44,Java,186,2741,4238,0.647,0,1963,True
hackathon-starter,2013-11-13,2019-09-09,12,JavaScript,284,524,534,0.981,0,2126,True
immutable-js,2014-07-02,2019-09-09,57,JavaScript,378,1018,1138,0.895,0,1895,True
foundation-sites,2011-10-13,2019-09-08,67,HTML,2835,7521,7796,0.965,1,2888,False
legacy-homebrew,2009-05-20,2019-09-08,0, ,222,17040,17040,1.0,1,3764,False
learn-regex,2017-07-22,2019-09-09,0, ,88,28,53,0.528,0,779,False
fullPage.js,2013-09-20,2019-09-09,65,JavaScript,239,3176,3297,0.963,0,2180,True
hexo,2012-09-23,2019-09-09,88,JavaScript,334,3009,3207,0.938,0,2542,True
face_recognition,2017-03-03,2019-09-09,2,Python,63,452,817,0.553,0,920,True
pdf.js,2011-04-26,2019-09-09,30,JavaScript,4018,5691,6311,0.902,0,3058,True
slate,2013-09-13,2019-09-09,14,JavaScript,159,488,520,0.938,0,2187,True
syncthing,2013-11-26,2019-09-09,167,Go,1172,3521,3772,0.933,0,2113,False
backbone,2010-09-30,2019-09-08,0,JavaScript,849,2321,2371,0.979,1,3266,True
frp,2015-12-21,2019-09-09,46,Go,204,1076,1125,0.956,0,1358,False
jest,2013-12-10,2019-09-09,86,JavaScript,3277,4025,4691,0.858,0,2099,True
koa,2013-07-20,2019-09-09,0,JavaScript,358,725,755,0.96,0,2242,True
etcd,2013-07-06,2019-09-09,164,Go,5551,4116,4504,0.914,0,2256,False
glide,2013-07-08,2019-09-09,33,Java,259,3326,3466,0.96,0,2254,True
phantomjs,2010-12-27,2019-09-08,0,HTML,554,2855,4678,0.61,1,3178,False
pixi.js,2013-01-21,2019-09-09,99,JavaScript,1616,3655,3749,0.975,0,2422,True
you-get,2012-08-20,2019-09-09,97,Python,480,0,0,0,0,2576,True
clipboard.js,2015-09-18,2019-09-09,35,JavaScript,60,447,507,0.882,0,1452,True
Best-websites-a-programmer-should-visit,2017-03-05,2019-09-09,0, ,223,41,42,0.976,0,918,False
es6features,2014-03-03,2019-09-09,0, ,41,36,55,0.655,0,2016,False
lottie-android,2016-10-06,2019-09-09,20,Java,325,979,1003,0.976,0,1068,True
fastlane,2014-12-02,2019-09-09,409,Ruby,4648,9515,9676,0.983,0,1742,True
awesome-wechat-weapp,2016-09-22,2019-09-09,0, ,204,0,0,0,0,1082,False
cpython,2017-02-10,2019-09-09,0,Python,12520,0,0,0,0,941,True
Algorithm_Interview_Notes-Chinese,2018-06-06,2019-09-09,0,Python,8,16,36,0.444,0,460,True
frontend-dev-bookmarks,2013-06-22,2019-09-08,1, ,129,77,91,0.846,1,2270,False
prometheus,2012-11-24,2019-09-09,120,Go,2475,2517,2845,0.885,0,2480,False
home-assistant,2013-09-17,2019-09-09,449,Python,12727,10031,10810,0.928,0,2183,True
deeplearningbook-chinese,2016-12-07,2019-09-09,7,TeX,15,130,169,0.769,0,1006,False
shadowsocks-android,2012-12-16,2019-09-09,153,Kotlin,209,1970,1979,0.995,0,2458,False
incubator-superset,2015-07-21,2019-09-09,11,JavaScript,3457,3589,3786,0.948,0,1511,True
design-patterns-for-humans,2017-02-16,2019-09-09,0, ,47,40,46,0.87,0,935,False
video.js,2010-05-14,2019-09-09,200,JavaScript,1213,3552,3746,0.948,0,3405,True
async,2010-06-01,2019-09-08,7,JavaScript,403,1022,1026,0.996,1,3387,True
todomvc,2011-06-03,2019-09-09,5,JavaScript,711,616,724,0.851,0,3020,True
android_guides,2013-06-19,2019-09-09,0, ,6,208,349,0.596,0,2273,False
Leaflet,2010-09-22,2019-09-09,20,JavaScript,1992,3713,4078,0.91,0,3274,True
HEAD,2016-04-20,2019-09-08,0, ,80,70,78,0.897,1,1237,False
styled-components,2016-08-16,2019-09-09,91,JavaScript,695,1697,1795,0.945,0,1119,True
clean-code-javascript,2016-11-25,2019-09-09,0,JavaScript,127,57,73,0.781,0,1018,True
100-Days-Of-ML-Code,2018-07-05,2019-09-09,0,Python,6,13,38,0.342,0,431,True
phaser,2013-04-12,2019-09-08,89,JavaScript,1129,2783,2998,0.928,1,2341,True
certbot,2014-11-12,2019-09-09,0,Python,2607,3592,4087,0.879,0,1762,True
awesome-react-native,2015-03-26,2019-09-09,0,JavaScript,784,33,48,0.688,0,1628,True
proxyee-down,2017-10-25,2019-09-09,49,Java,16,0,0,0,0,684,True
faceswap,2017-12-19,2019-09-09,2,Python,263,495,506,0.978,0,629,True
underscore,2009-10-25,2019-09-09,0,JavaScript,684,1272,1342,0.948,0,3606,True
mermaid,2014-11-01,2019-09-09,34,JavaScript,174,451,717,0.629,0,1773,True
awesome-awesomeness,2014-07-08,2019-09-09,0,Ruby,154,46,52,0.885,0,1889,True
php-src,2011-06-16,2019-09-09,0,C,598,0,0,0,0,3007,True
AndroidUtilCode,2016-07-30,2019-09-09,111,Java,62,861,877,0.982,0,1136,True
og-aws,2016-07-13,2019-09-09,0,Shell,449,78,192,0.406,0,1153,False
what-happens-when,2013-11-07,2019-09-08,0, ,104,18,96,0.188,1,2132,False
butterknife,2013-03-05,2019-09-09,0,Java,333,990,1074,0.922,0,2379,True
ijkplayer,2013-06-03,2019-09-09,0,C,28,2377,4663,0.51,0,2289,True
nylas-mail,2014-10-16,2019-09-09,53,JavaScript,139,2408,3419,0.704,0,1789,True
slick,2014-03-24,2019-09-09,48,JavaScript,234,2299,3213,0.716,0,1995,True
traefik,2015-09-13,2019-09-09,255,Go,2140,2408,2820,0.854,0,1457,False
godot,2014-01-04,2019-09-09,23,C++,9715,13948,19232,0.725,0,2074,True
go-ethereum,2013-12-26,2019-09-09,116,Go,3377,4066,4424,0.919,0,2083,False
angular-styleguide,2014-07-29,2019-09-08,0, ,331,361,423,0.853,1,1868,False
CppCoreGuidelines,2015-08-19,2019-09-09,4,Python,606,612,742,0.825,0,1482,True
DefinitelyTyped,2012-10-05,2019-09-09,1,TypeScript,27155,2946,5851,0.504,0,2530,True
algorithm-visualizer,2016-05-15,2019-09-09,0,JavaScript,177,52,58,0.897,0,1212,True
Deep-Learning-Papers-Reading-Roadmap,2016-10-14,2019-09-09,0,Python,22,3,40,0.075,0,1060,True
Rocket.Chat,2015-05-19,2019-09-09,272,JavaScript,4626,7486,9562,0.783,0,1574,True
quill,2012-07-30,2019-09-09,81,JavaScript,191,1773,2345,0.756,0,2597,True
select2,2012-03-04,2019-09-09,23,JavaScript,617,4257,4302,0.99,0,2745,True
free-for-dev,2015-03-18,2019-09-09,0,HTML,801,103,119,0.866,0,1636,False
programmer-job-blacklist,2016-06-25,2019-09-09,0,Shell,16,167,270,0.619,0,1171,False
Modernizr,2009-09-25,2019-09-08,11,JavaScript,697,1222,1379,0.886,1,3636,True
project-based-learning,2017-04-12,2019-09-09,0, ,108,12,24,0.5,0,880,False
fzf,2013-10-23,2019-09-09,0,Go,186,1194,1335,0.894,0,2147,False
gold-miner,2015-11-04,2019-09-09,0, ,2117,4002,4026,0.994,0,1405,False
julia,2011-04-21,2019-09-09,75,Julia,13172,13903,16597,0.838,0,3063,False
leakcanary,2015-04-29,2019-09-09,17,Kotlin,455,995,1025,0.971,0,1594,False
preact,2015-09-11,2019-09-08,109,JavaScript,585,890,965,0.922,1,1459,True
caddy,2015-01-13,2019-09-09,47,Go,788,1614,1732,0.932,0,1700,False
zxing,2011-10-12,2019-09-09,26,Java,148,924,932,0.991,0,2889,True
tldr,2013-12-08,2019-09-09,0,Python,2400,380,449,0.846,0,2101,True
react-boilerplate,2015-02-18,2019-09-09,16,JavaScript,684,1651,1667,0.99,0,1664,True
spark,2014-02-25,2019-09-09,0,Scala,3,0,0,0,0,2022,False
kong,2014-11-17,2019-09-09,65,Lua,1630,2292,2572,0.891,0,1757,False
request,2011-01-23,2019-09-09,0,JavaScript,648,1888,2066,0.914,0,3151,True
svelte,2016-11-20,2019-09-09,0,JavaScript,1335,1656,1994,0.83,0,1023,True
dayjs,2018-04-10,2019-09-09,67,JavaScript,328,227,265,0.857,0,517,True
500lines,2013-11-04,2019-09-09,0,JavaScript,175,36,60,0.6,0,2135,True
ShadowsocksX-NG,2016-06-10,2019-09-09,21,Swift,54,843,998,0.845,0,1186,True
weui,2014-12-18,2019-09-09,14,CSS,159,557,570,0.977,0,1726,False
code-server,2019-02-27,2019-09-09,23,TypeScript,126,444,744,0.597,0,194,True
grpc,2014-12-08,2019-09-09,119,C++,10201,6882,7535,0.913,0,1736,True
gitflow,2010-01-20,2019-09-09,0,Shell,36,112,329,0.34,0,3519,False
fetch,2014-10-13,2019-09-08,27,JavaScript,115,469,476,0.985,1,1792,True
rethinkdb,2012-10-30,2019-09-08,67,C++,344,4744,6187,0.767,1,2505,True
the-book-of-secret-knowledge,2018-06-23,2019-09-09,0, ,56,24,26,0.923,0,443,False
vue-cli,2015-12-26,2019-09-09,97,JavaScript,705,3232,3568,0.906,0,1353,True
machine-learning-for-software-engineers,2016-10-09,2019-09-09,0, ,50,3,12,0.25,0,1065,False
iview,2016-07-28,2019-09-09,81,Vue,503,4290,5253,0.817,0,1138,False
standard,2015-01-27,2019-09-08,1,JavaScript,268,942,1008,0.935,1,1686,True
JCSprout,2017-12-17,2019-09-09,0,Java,69,56,78,0.718,0,631,True
angular-cli,2015-06-04,2019-09-08,199,TypeScript,3292,10066,10758,0.936,1,1558,True
awesome-java,2014-07-09,2019-09-09,0, ,473,88,90,0.978,0,1888,False
nuxt.js,2016-10-26,2019-09-09,117,JavaScript,1426,4398,4557,0.965,0,1048,True
chosen,2011-04-18,2019-09-07,34,HTML,309,2098,2307,0.909,2,3066,False
awesome-php,2013-11-26,2019-09-09,0, ,327,99,101,0.98,0,2113,False
huginn,2013-03-10,2019-09-08,0,Ruby,835,1236,1540,0.803,1,2374,True
dotfiles,2011-09-05,2019-09-09,0,Shell,40,226,345,0.655,0,2926,False
sentry,2010-08-30,2019-09-09,52,Python,9756,2896,3668,0.79,0,3297,True
gitlabhq,2011-10-02,2019-09-09,0,Ruby,2227,0,0,0,0,2899,True
python-patterns,2012-06-06,2019-09-09,0,Python,199,49,58,0.845,0,2651,True
SDWebImage,2009-09-21,2019-09-09,57,Objective-C,648,1769,1791,0.988,0,3640,False
beego,2012-02-29,2019-09-09,4,Go,742,1886,2565,0.735,0,2749,False
Faker,2011-10-14,2019-09-09,9,PHP,719,456,489,0.933,0,2887,True
awesome-scalability,2017-12-27,2019-09-09,0, ,18,0,0,0,0,621,False
Hover,2014-01-02,2019-09-08,10,CSS,22,78,95,0.821,1,2076,False
Detectron,2017-10-05,2019-09-09,0,Python,0,583,835,0.698,0,704,True
wrk,2012-03-20,2019-09-09,0,C,0,216,290,0.745,0,2729,True
awesome-macos-command-line,2015-09-22,2019-09-09,0, ,90,0,0,0,0,1448,False
taro,2018-04-08,2019-09-09,0,JavaScript,472,3173,3718,0.853,0,519,True
awesome-flutter,2017-05-07,2019-09-09,0,Dart,253,0,0,0,0,855,False
styleguide,2015-05-20,2019-09-09,0,HTML,83,67,208,0.322,0,1573,False
symfony,2010-01-04,2019-09-09,189,PHP,12741,12052,12700,0.949,0,3535,True
Charts,2015-03-20,2019-09-09,29,Swift,345,3002,3444,0.872,0,1634,True
EventBus,2012-07-16,2019-09-09,4,Java,25,416,500,0.832,0,2611,True
vuex,2015-07-16,2019-09-09,31,JavaScript,486,831,927,0.896,0,1516,True
postcss,2013-09-24,2019-09-09,137,JavaScript,552,597,610,0.979,0,2176,True
awesome-cpp,2014-07-17,2019-09-09,0, ,362,134,394,0.34,0,1880,False
vuetify,2016-09-12,2019-09-09,266,TypeScript,1796,5656,6452,0.877,0,1092,True
CodeHub,2013-07-23,2019-09-09,4,C#,11,364,570,0.639,0,2239,True
devdocs,2013-10-24,2019-09-09,0,Ruby,98,686,750,0.915,0,2146,True
gitbook,2014-03-31,2019-09-08,0,JavaScript,214,0,0,0,1,1988,True
carbon,2017-06-16,2019-09-08,121,JavaScript,382,363,376,0.965,1,815,True
swift-algorithm-club,2016-01-26,2019-09-09,0,Swift,572,157,172,0.913,0,1322,True
pandas,2010-08-24,2019-09-09,51,Python,8656,12768,15876,0.804,0,3303,True
mall,2018-04-04,2019-09-09,0,Java,0,156,169,0.923,0,523,True
polymer,2012-08-23,2019-09-08,112,HTML,1023,3620,3862,0.937,1,2573,False
hangzhou_house_knowledge,2018-02-24,2019-09-09,0,CSS,4,0,0,0,0,562,False
ember.js,2011-05-25,2019-09-08,266,JavaScript,6908,5818,6042,0.963,1,3029,True
front-end-interview-handbook,2018-01-13,2019-09-09,0,JavaScript,134,32,49,0.653,0,604,True
open-source-ios-apps,2015-01-26,2019-09-09,32,Swift,508,194,195,0.995,0,1687,True
ant-design-pro,2017-08-25,2019-09-09,17,TypeScript,650,4176,4256,0.981,0,745,True
uppy,2015-11-16,2019-09-09,23,JavaScript,846,839,903,0.929,0,1393,True
composer,2011-06-08,2019-09-09,64,PHP,1833,5234,5593,0.936,0,3015,True
swiper,2012-03-14,2019-09-09,0,JavaScript,188,2658,2851,0.932,0,2735,True
sails,2012-03-18,2019-09-08,35,JavaScript,497,5742,6004,0.956,1,2731,True
netty,2010-11-09,2019-09-09,0,Java,1045,4365,4765,0.916,0,3226,True
nativefier,2015-07-05,2019-09-09,29,JavaScript,127,505,677,0.746,0,1527,True
tidb,2015-09-06,2019-09-09,70,Go,7887,2304,3218,0.716,0,1464,False
iina,2016-12-19,2019-09-09,27,Swift,339,1353,2029,0.667,0,994,True
hammer.js,2012-03-02,2019-09-09,0,JavaScript,114,746,989,0.754,0,2747,True
libpku,2018-11-22,2019-09-09,0,TeX,17,28,29,0.966,0,291,False
faker.js,2010-05-15,2019-09-08,0,JavaScript,188,225,391,0.575,1,3404,True
marked,2011-07-24,2019-09-09,17,JavaScript,303,844,917,0.92,0,2969,True
mobx,2015-03-14,2019-09-09,1,JavaScript,619,1349,1377,0.98,0,1640,True
practicalAI,2018-11-05,2019-09-09,0,Jupyter Notebook,114,11,12,0.917,0,308,False
ace,2010-10-27,2019-09-09,0,JavaScript,1257,1760,2363,0.745,0,3239,True
webtorrent,2013-10-15,2019-09-09,0,JavaScript,365,1128,1235,0.913,0,2155,True
mkcert,2018-06-25,2019-09-09,10,Go,35,106,125,0.848,0,441,False
cheerio,2011-10-09,2019-09-08,2,JavaScript,277,714,905,0.789,1,2892,True
Vundle.vim,2010-10-17,2019-09-08,0,Vim script,86,529,672,0.787,1,3249,False
sweetalert,2014-09-30,2019-09-08,13,TypeScript,82,533,638,0.835,1,1805,True
pure,2013-04-22,2019-09-08,17,HTML,132,498,516,0.965,1,2331,False
v2ray-core,2015-09-04,2019-09-09,228,Go,114,1515,1652,0.917,0,1466,False
devise,2009-09-16,2019-09-08,14,Ruby,703,3843,3879,0.991,1,3645,True
linux-insides,2015-01-03,2019-09-09,0,Python,477,117,147,0.796,0,1710,True
bootstrap-material-design,2014-08-18,2019-09-08,27,CSS,188,1026,1072,0.957,1,1848,False
jieba,2012-09-29,2019-09-09,5,Python,86,171,627,0.273,0,2536,True
flow,2014-10-28,2019-09-09,147,OCaml,153,3721,6091,0.611,0,1777,False
particles.js,2014-09-06,2019-09-08,6,JavaScript,21,63,298,0.211,1,1829,True
project-guidelines,2017-06-30,2019-09-08,0,JavaScript,97,24,36,0.667,1,801,True
SecLists,2012-02-19,2019-09-09,6,PHP,192,79,83,0.952,0,2759,True
jadx,2013-03-18,2019-09-09,12,Java,183,433,528,0.82,0,2366,True
sequelize,2010-07-22,2019-09-09,304,JavaScript,2375,7476,8013,0.933,0,3336,True
PythonDataScienceHandbook,2016-08-10,2019-09-09,0,Jupyter Notebook,28,45,96,0.469,0,1125,False
pop,2014-03-30,2019-09-09,3,Objective-C++,100,210,254,0.827,0,1989,False
upterm,2015-03-22,2019-09-08,187,TypeScript,293,534,753,0.709,1,1632,True
RxJS,2012-01-07,2019-09-08,34,JavaScript,520,643,874,0.736,1,2802,True
YouCompleteMe,2012-04-16,2019-09-08,0,Python,580,2667,2722,0.98,1,2702,True
rxjs,2015-03-15,2019-09-09,0,TypeScript,1563,2054,2358,0.871,0,1639,True
blog,2014-04-25,2019-09-09,0, ,1,28,39,0.718,0,1963,False
awesome-deep-learning-papers,2016-06-03,2019-09-09,0,TeX,39,11,23,0.478,0,1193,False
ReactiveCocoa,2012-03-02,2019-09-09,74,Swift,1329,1939,1981,0.979,0,2747,True
date-fns,2014-10-06,2019-09-09,61,JavaScript,500,576,711,0.81,0,1799,True
nprogress,2013-08-20,2019-09-09,0,JavaScript,31,45,128,0.352,0,2211,True
fastText,2016-07-16,2019-09-09,3,HTML,7,521,720,0.724,0,1150,False
react-starter-kit,2014-04-16,2019-09-08,5,JavaScript,361,695,1129,0.616,1,1972,True
layui,2015-09-22,2019-09-09,37,JavaScript,31,58,396,0.146,0,1448,True
istio,2016-11-18,2019-09-09,79,Go,7081,5554,6525,0.851,0,1025,False
chinese-poetry,2016-09-02,2019-09-09,1,JavaScript,47,52,81,0.642,0,1102,True
mongoose,2010-04-06,2019-09-09,5,JavaScript,995,6416,6708,0.956,0,3443,True
ResumeSample,2014-09-08,2019-09-09,0, ,2,10,18,0.556,0,1827,False
drone,2014-02-07,2019-09-09,0,Go,810,1576,1631,0.966,0,2040,False
dragula,2015-04-13,2019-09-07,0,JavaScript,57,286,453,0.631,2,1610,True
nest,2017-02-04,2019-09-09,44,TypeScript,787,1762,1836,0.96,0,947,True
cmder,2013-07-09,2019-09-08,23,C++,284,1715,1729,0.992,1,2253,True
awesome-react-components,2016-06-24,2019-09-09,0, ,51,31,31,1.0,0,1172,False
awesome-sysadmin,2014-02-09,2019-09-09,0, ,183,20,90,0.222,0,2038,False
fastjson,2011-11-03,2019-09-09,69,Java,240,1207,2295,0.526,0,2867,True
modern-js-cheatsheet,2017-09-18,2019-09-09,0, ,76,36,42,0.857,0,721,False
Probabilistic-Programming-and-Bayesian-Methods-for-Hackers,2013-01-14,2019-09-09,0,Jupyter Notebook,225,79,199,0.397,0,2429,False
PhotoSwipe,2011-04-07,2019-09-09,11,JavaScript,49,1009,1472,0.685,0,3077,True
iosched,2014-04-01,2019-09-09,2,Kotlin,51,169,192,0.88,0,1987,False
python-guide,2011-03-15,2019-09-09,0,Batchfile,642,148,230,0.643,0,3100,False
vimrc,2012-05-29,2019-09-09,0,Vim script,51,280,377,0.743,0,2659,False
localstack,2016-10-25,2019-09-09,6,Python,458,608,1026,0.593,0,1049,True
nodemon,2010-10-03,2019-09-09,63,JavaScript,250,1194,1202,0.993,0,3263,True
AiLearning,2017-02-25,2019-09-09,2,Python,424,44,73,0.603,0,926,True
brew,2016-03-06,2019-09-09,116,Ruby,3563,2211,2227,0.993,0,1282,True
SwiftyJSON,2014-06-18,2019-09-08,21,Swift,212,555,630,0.881,1,1909,True
profile-summary-for-github,2017-12-10,2019-09-09,0,Vue,20,53,63,0.841,0,638,False
vagrant,2010-01-21,2019-09-09,0,Ruby,2037,7626,8064,0.946,0,3518,True
tabler,2018-02-01,2019-09-09,1,JavaScript,77,186,233,0.798,0,585,True
the-swift-programming-language-in-chinese,2014-06-03,2019-09-09,1,CSS,602,287,289,0.993,0,1924,False
redux-saga,2015-11-29,2019-09-09,48,JavaScript,604,1097,1213,0.904,0,1380,True
GPUImage,2012-02-13,2019-09-09,3,Objective-C,241,1294,2189,0.591,0,2765,False
wepy,2016-11-14,2019-09-09,0,JavaScript,355,1605,1864,0.861,0,1029,True
interview_internal_reference,2019-06-10,2019-09-09,0,Python,16,13,21,0.619,0,91,True
mastodon,2016-02-22,2019-09-08,126,Ruby,5972,3529,4829,0.731,1,1295,True
components,2016-01-04,2019-09-08,107,TypeScript,5907,8080,9778,0.826,1,1344,True
framework,2013-01-10,2019-09-09,154,PHP,8676,12478,12587,0.991,0,2433,True
lerna,2015-12-04,2019-09-09,153,JavaScript,548,1276,1504,0.848,0,1375,True
the_silver_searcher,2011-11-19,2019-09-09,0,C,380,375,704,0.533,0,2851,True
SmartRefreshLayout,2017-06-02,2019-09-09,7,Java,5,963,1010,0.953,0,829,True
streisand,2014-03-23,2019-09-09,0,Shell,503,905,1028,0.88,0,1996,False
terraform,2014-03-13,2019-09-09,99,Go,7648,12077,13210,0.914,0,2006,False
pug,2010-06-23,2019-09-08,2,JavaScript,469,2175,2375,0.916,1,3365,True
leveldb,2014-08-27,2019-09-09,20,C++,25,452,534,0.846,0,1839,True
web-starter-kit,2014-04-07,2019-09-08,14,HTML,234,533,579,0.921,1,1981,False
You-Dont-Need-jQuery,2015-11-21,2019-09-08,1,JavaScript,154,56,59,0.949,1,1388,True
bluebird,2013-09-07,2019-09-08,119,JavaScript,282,1043,1087,0.96,1,2193,True
mpvue,2018-03-07,2019-09-09,19,JavaScript,64,1241,1605,0.773,0,551,True
ItChat,2016-01-19,2019-09-09,13,Python,29,577,768,0.751,0,1329,True
awesome-javascript,2014-07-01,2019-09-08,0, ,245,52,68,0.765,1,1896,False
intro.js,2013-03-10,2019-09-07,18,HTML,138,365,567,0.644,2,2374,False
calculator,2019-01-28,2019-09-09,0,C++,242,207,319,0.649,0,224,True
druid,2011-11-03,2019-09-09,32,Java,852,999,2477,0.403,0,2867,True
CodeMirror,2011-01-14,2019-09-08,121,JavaScript,310,3185,3492,0.912,1,3160,True
English-level-up-tips-for-Chinese,2017-05-30,2019-09-08,0, ,19,39,51,0.765,1,832,False
RxAndroid,2014-08-19,2019-09-09,17,Java,155,326,326,1.0,0,1847,True
spacemacs,2012-12-17,2019-09-09,158,Emacs Lisp,486,4641,6931,0.67,0,2457,False
security-guide-for-developers,2016-06-08,2019-09-09,0, ,26,4,10,0.4,0,1188,False
mocha,2011-03-07,2019-09-08,39,JavaScript,868,2110,2379,0.887,1,3108,True
scrcpy,2017-11-21,2019-09-09,12,C,20,448,736,0.609,0,657,True
spring-boot-examples,2016-11-05,2019-09-09,0,Java,4,72,84,0.857,0,1038,True
android-best-practices,2014-07-29,2019-09-08,0, ,80,61,83,0.735,1,1868,False
skrollr,2012-03-18,2019-09-06,0,HTML,35,533,776,0.687,3,2731,False
tornado,2009-09-09,2019-09-08,0,Python,711,1340,1491,0.899,1,3652,True
How-to-Make-a-Computer-Operating-System,2013-11-29,2019-09-09,1,C,42,24,62,0.387,0,2110,True
open-source-mac-os-apps,2017-11-03,2019-09-09,0,Swift,276,91,103,0.883,0,675,True
react-redux-links,2016-01-22,2019-09-09,0, ,56,20,31,0.645,0,1326,False
awesome-electron,2015-04-23,2019-09-09,0, ,210,35,44,0.795,0,1600,False
octotree,2014-05-09,2019-09-09,0,JavaScript,175,458,505,0.907,0,1949,True
pipenv,2017-01-20,2019-09-08,6,Python,897,2508,2781,0.902,1,962,True
Hystrix,2012-11-19,2019-09-09,79,Java,672,667,974,0.685,0,2485,True
BaseRecyclerViewAdapterHelper,2016-04-10,2019-09-09,175,Java,189,2635,2642,0.997,0,1247,True
alacritty,2016-02-18,2019-09-09,19,Rust,696,1512,1878,0.805,0,1299,False
js-stack-from-scratch,2016-10-02,2019-09-09,1,JavaScript,55,118,155,0.761,0,1072,True
html2canvas,2011-07-16,2019-09-09,24,TypeScript,93,1256,1727,0.727,0,2977,True
lottie-web,2015-02-20,2019-09-08,0,JavaScript,66,1265,1691,0.748,1,1662,True
lottie-ios,2016-10-06,2019-09-09,33,Swift,251,609,701,0.869,0,1068,True
ngx-admin,2016-05-25,2019-09-09,14,TypeScript,237,1162,1430,0.813,0,1202,True
interactive-coding-challenges,2015-04-28,2019-09-09,0,Python,161,28,48,0.583,0,1595,True
gym,2016-04-27,2019-09-09,5,Python,434,809,955,0.847,0,1230,True
The-Art-Of-Programming-By-July,2013-12-14,2019-09-09,0,C,254,82,126,0.651,0,2095,True
p3c,2017-06-23,2019-09-09,0,Java,51,437,497,0.879,0,808,True
scrollreveal,2014-01-16,2019-09-09,0,JavaScript,31,438,442,0.991,0,2062,True
dokku,2013-06-08,2019-09-08,140,Shell,1529,1873,1895,0.988,1,2284,False
leetcode,2018-03-30,2019-09-09,2,JavaScript,104,24,44,0.545,0,528,True
minio,2015-01-14,2019-09-09,119,Go,4170,3326,3462,0.961,0,1699,False
react-redux,2015-07-11,2019-09-09,86,JavaScript,282,928,938,0.989,0,1521,True
bert,2018-10-25,2019-09-09,0,Python,31,268,717,0.374,0,319,True
awesome-swift,2014-07-10,2019-09-09,0,Swift,1196,104,107,0.972,0,1887,True
enzyme,2015-11-10,2019-09-09,0,JavaScript,599,1331,1496,0.89,0,1399,True
uBlock,2015-04-01,2019-09-09,160,JavaScript,111,3378,3453,0.978,0,1622,True
metasploit-framework,2011-08-30,2019-09-09,0,Ruby,7242,2584,3280,0.788,0,2932,True
emscripten,2011-02-12,2019-09-09,0,C++,3709,3667,4639,0.79,0,3131,True
vim,2015-08-18,2019-09-09,0,Vim script,0,2255,3029,0.744,0,1483,False
lighthouse,2016-03-08,2019-09-08,49,JavaScript,2674,5867,6197,0.947,1,1280,True
pi-hole,2014-06-08,2019-09-09,52,Shell,953,1485,1552,0.957,0,1919,False
DesignPatternsPHP,2011-08-22,2019-09-09,0,PHP,217,81,82,0.988,0,2940,True
react-select,2014-08-26,2019-09-09,10,JavaScript,761,1265,2453,0.516,0,1840,True
nightmare,2014-04-05,2019-09-08,1,JavaScript,251,1053,1187,0.887,1,1983,True
incubator-mxnet,2015-04-30,2019-09-09,19,Python,6297,6766,8013,0.844,0,1593,True
formik,2017-06-14,2019-09-09,102,TypeScript,418,900,1187,0.758,0,817,True
fastclick,2012-02-13,2019-09-08,3,HTML,67,178,385,0.462,1,2765,False
Sortable,2013-12-19,2019-09-09,18,JavaScript,199,1066,1237,0.862,0,2090,True
gentelella,2015-05-15,2019-09-09,5,HTML,147,521,584,0.892,0,1578,False
CodeIgniter,2011-08-19,2019-09-08,0,PHP,1244,2991,3045,0.982,1,2943,True
NativeScript,2015-03-01,2019-09-09,40,TypeScript,2312,4637,5146,0.901,0,1653,True
guzzle,2011-02-28,2019-09-09,27,PHP,582,1209,1480,0.817,0,3115,True
normalizr,2014-08-20,2019-09-09,22,JavaScript,81,254,265,0.958,0,1846,True
js-xlsx,2012-12-03,2019-09-09,0,JavaScript,44,1163,1435,0.81,0,2471,True
autoprefixer,2013-03-14,2019-09-08,137,JavaScript,223,953,967,0.986,1,2370,True
weex,2016-03-11,2019-09-08,6, ,1083,1310,1845,0.71,1,1277,False
tesseract.js,2015-06-24,2019-09-09,21,JavaScript,47,204,272,0.75,0,1538,True
Masonry,2013-07-22,2019-09-09,1,Objective-C,75,326,430,0.758,0,2240,False
jsPDF,2009-12-06,2019-09-09,23,JavaScript,559,1454,1563,0.93,0,3564,True
cheat.sh,2017-05-07,2019-09-09,0,Python,57,47,92,0.511,0,855,True
influxdb,2013-09-26,2019-09-09,20,Go,5567,7890,8414,0.938,0,2174,False
corefx,2014-11-06,2019-09-09,74,C#,20727,14546,17078,0.852,0,1768,True
ghidra,2019-03-01,2019-09-09,0,Java,70,481,802,0.6,0,192,True
hub,2009-12-05,2019-09-09,52,Go,349,1350,1522,0.887,0,3565,False
Hero,2016-11-24,2019-09-09,34,Swift,72,346,510,0.678,0,1019,True
compose,2013-12-09,2019-09-08,111,Python,1722,4005,4519,0.886,1,2100,True
kubernetes-the-hard-way,2016-07-07,2019-09-09,0, ,66,220,252,0.873,0,1159,False
the-way-to-go_ZH_CN,2013-03-24,2019-09-09,0,Go,497,135,156,0.865,0,2360,False
react-motion,2015-06-11,2019-09-08,4,JavaScript,142,239,382,0.626,1,1551,True
popmotion,2014-08-17,2019-09-08,0,JavaScript,277,366,518,0.707,1,1849,True
npm,2009-09-29,2019-09-09,261, ,439,16504,18671,0.884,0,3632,False
consul,2013-11-04,2019-09-09,0,Go,2662,2740,3270,0.838,0,2135,False
xgboost,2014-02-06,2019-09-09,14,C++,1501,2855,2994,0.954,0,2041,True
vapor,2016-01-18,2019-09-09,238,Swift,743,1032,1122,0.92,0,1330,True
RxSwift,2015-04-07,2019-09-09,62,Swift,644,969,984,0.985,0,1616,True
strapi,2015-09-30,2019-09-09,95,JavaScript,1384,2148,2308,0.931,0,1440,True
hosts,2014-07-04,2019-09-07,2,Rascal,286,888,891,0.997,2,1893,False
ramda,2013-06-21,2019-09-09,23,JavaScript,1133,1194,1364,0.875,0,2271,True
ngrok,2013-03-20,2019-09-09,0,Go,34,358,522,0.686,0,2364,False
picasso,2013-05-14,2019-09-09,6,Java,451,1293,1462,0.884,0,2309,True
neural-style,2015-09-01,2019-09-09,0,Lua,16,141,430,0.328,0,1469,False
react-native-elements,2016-09-08,2019-09-09,45,JavaScript,592,1181,1252,0.943,0,1096,True
docker-cheat-sheet,2014-08-05,2019-09-09,0, ,121,19,22,0.864,0,1861,False
955.WLB,2019-03-27,2019-09-09,0, ,15,55,172,0.32,0,166,False
awesome-shell,2014-07-07,2019-09-09,0, ,250,13,33,0.394,0,1890,False
Skeleton,2011-04-30,2019-09-08,6,CSS,25,121,189,0.64,1,3054,False
cockroach,2014-02-06,2019-09-09,17,Go,18491,18156,20406,0.89,0,2041,False
hyperapp,2017-01-20,2019-09-09,26,JavaScript,213,484,490,0.988,0,962,True
apollo,2016-03-04,2019-09-09,20,Java,812,1285,1612,0.797,0,1284,True
fonts,2012-12-19,2019-09-09,1,Shell,72,77,203,0.379,0,2455,False
monaco-editor,2016-06-07,2019-09-09,0,JavaScript,60,805,1456,0.553,0,1189,True
tutorials,2013-04-29,2019-09-09,0,Java,5220,299,312,0.958,0,2324,True
BaiduPCS-Go,2017-11-30,2019-09-09,23,Go,10,639,745,0.858,0,648,False
es6tutorial,2014-04-20,2019-09-09,0,JavaScript,309,424,424,1.0,0,1968,True
ava,2014-11-18,2019-09-09,56,JavaScript,721,1082,1224,0.884,0,1756,True
react-virtualized,2015-11-03,2019-09-09,0,JavaScript,392,665,885,0.751,0,1406,True
parse-server,2016-01-28,2019-09-08,69,JavaScript,2031,3363,3399,0.989,1,1320,True
metabase,2015-02-02,2019-09-09,93,Clojure,4085,4047,6074,0.666,0,1680,False
mongo,2009-01-15,2019-09-08,0,C++,114,0,0,0,1,3889,True
xi-editor,2016-04-26,2019-09-09,0,Rust,604,364,494,0.737,0,1231,False
Awesome-Design-Tools,2019-02-12,2019-09-09,0,JavaScript,195,15,21,0.714,0,209,True
flutter-go,2019-01-08,2019-09-09,4,Dart,143,124,190,0.653,0,244,False
handson-ml,2016-02-16,2019-09-09,0,Jupyter Notebook,39,362,416,0.87,0,1301,False
ipfs,2014-02-11,2019-09-08,0, ,106,182,221,0.824,1,2036,False
Java,2016-07-16,2019-09-09,0,Java,316,94,111,0.847,0,1150,True
dive,2018-05-13,2019-09-09,20,Go,78,103,143,0.72,0,484,False
jstraining,2016-10-27,2019-09-09,0, ,15,40,40,1.0,0,1047,False
Android-Universal-Image-Loader,2011-11-27,2019-09-09,0,Java,49,760,1200,0.633,0,2843,True
pandoc,2010-03-20,2019-09-09,71,Haskell,887,4072,4528,0.899,0,3460,False
mostly-adequate-guide,2015-05-06,2019-09-09,0,JavaScript,247,171,208,0.822,0,1587,True
imgui,2014-07-21,2019-09-08,61,C++,225,1853,2218,0.835,1,1876,True
FFmpeg,2011-04-14,2019-09-09,11,C,15,0,0,0,0,3070,True
pyenv,2012-08-31,2019-09-09,21,Shell,352,814,950,0.857,0,2565,False
material,2014-07-01,2019-09-08,2,JavaScript,743,8430,8891,0.948,1,1896,True
jquery-pjax,2011-02-26,2019-09-09,11,JavaScript,81,386,438,0.881,0,3117,True
data-science-ipython-notebooks,2015-01-23,2019-09-09,0,Python,31,18,25,0.72,0,1690,True
draft-js,2016-02-19,2019-09-08,19,JavaScript,212,840,1368,0.614,1,1298,True
windows95,2018-08-23,2019-09-08,9,TypeScript,13,78,127,0.614,1,382,True
material-dialogs,2014-11-03,2019-09-09,89,Kotlin,164,1095,1107,0.989,0,1771,False
rollup,2015-05-14,2019-09-09,89,JavaScript,928,1857,1970,0.943,0,1579,True
aria2,2010-11-27,2019-09-09,21,C++,189,613,1209,0.507,0,3208,True
feather,2014-05-28,2019-09-08,46,JavaScript,84,158,400,0.395,1,1930,True
nerd-fonts,2014-12-05,2019-09-09,19,CSS,78,180,278,0.647,0,1739,False
react-navigation,2017-01-26,2019-09-09,53,TypeScript,736,4949,5097,0.971,0,956,True
gson,2015-03-19,2019-09-09,0,Java,180,824,1191,0.692,0,1635,True
CNTK,2015-11-26,2019-09-08,32,C++,255,2489,3179,0.783,1,1383,True
docz,2018-03-17,2019-09-09,79,TypeScript,214,540,789,0.684,0,541,True
flux,2014-07-20,2019-09-09,0,JavaScript,144,216,225,0.96,0,1877,True
shellcheck,2012-11-17,2019-09-09,0,Haskell,164,1046,1472,0.711,0,2487,False
awesome-python-cn,2015-11-03,2019-09-09,0,Makefile,43,9,9,1.0,0,1406,False
arthas,2018-08-29,2019-09-09,6,Java,137,544,622,0.875,0,376,True
vux,2016-02-15,2019-09-09,78,Vue,308,2438,3136,0.777,0,1302,False
SpinKit,2013-12-12,2019-09-09,7,CSS,48,39,50,0.78,0,2097,False
passport,2011-10-08,2019-09-08,0,JavaScript,42,315,617,0.511,1,2893,True
velocity,2014-04-09,2019-09-09,18,JavaScript,53,758,796,0.952,0,1979,True
react-bootstrap,2013-12-27,2019-09-09,3,JavaScript,1622,2333,2408,0.969,0,2082,True
hhvm,2010-01-02,2019-09-08,15,C++,86,4835,5661,0.854,1,3537,True
mitmproxy,2010-02-16,2019-09-09,29,Python,1329,1721,1977,0.871,0,3492,True
os-tutorial,2014-09-29,2019-09-08,0,C,11,41,61,0.672,1,1806,True
nsq,2012-05-12,2019-09-09,29,Go,589,432,478,0.904,0,2676,False
architecture.of.internet-product,2018-04-30,2019-09-09,0, ,1,3,10,0.3,0,497,False
ruby,2010-02-27,2019-09-09,0,Ruby,104,0,0,0,0,3481,True
mattermost-server,2015-06-15,2019-09-09,156,Go,7450,3345,3609,0.927,0,1547,False
less.js,2010-02-20,2019-09-09,29,JavaScript,392,2457,2594,0.947,0,3488,True
ripgrep,2016-03-11,2019-09-09,61,Rust,338,894,937,0.954,0,1277,False
iris,2016-01-30,2019-09-09,15,Go,134,773,778,0.994,0,1318,False
commander.js,2011-08-14,2019-09-08,28,JavaScript,260,519,572,0.907,1,2948,True
react-beautiful-dnd,2017-08-09,2019-09-09,61,JavaScript,423,707,794,0.89,0,761,True
tips,2015-07-15,2019-09-07,0,JavaScript,123,15,26,0.577,2,1517,True
flv.js,2016-05-12,2019-09-09,12,JavaScript,16,240,442,0.543,0,1215,True
swagger-ui,2011-07-15,2019-09-09,131,JavaScript,1192,3383,3791,0.892,0,2978,True
awesome-docker,2014-09-21,2019-09-09,1, ,600,74,77,0.961,0,1814,False
homebrew-cask,2012-03-05,2019-09-09,81,Ruby,51132,5002,5029,0.995,0,2744,True
CS-Interview-Knowledge-Map,2018-03-19,2019-09-09,0, ,60,74,100,0.74,0,539,False
new-pac,2016-03-23,2019-09-09,0, ,0,602,605,0.995,0,1265,False
vim-plug,2013-09-10,2019-09-08,4,Vim script,122,635,681,0.932,1,2190,False
libgdx,2012-08-10,2019-09-09,3,Java,1948,2744,3006,0.913,0,2586,True
elixir,2011-01-09,2019-09-08,93,Elixir,4573,3811,3822,0.997,1,3165,False
PhotoView,2012-07-17,2019-09-09,5,Java,50,456,582,0.784,0,2610,True
gitea,2016-11-01,2019-09-09,67,Go,3514,2913,3925,0.742,0,1042,False
typeahead.js,2013-02-19,2019-09-06,0,JavaScript,106,903,1302,0.694,3,2393,True
algorithms,2016-11-17,2019-09-09,0,Python,316,59,91,0.648,0,1026,True
fresco,2015-03-02,2019-09-09,39,Java,81,1934,2024,0.956,0,1652,True
rclone,2014-03-16,2019-09-09,57,Go,480,1878,2752,0.682,0,2003,False
wtfpython,2017-08-28,2019-09-08,1,Python,44,62,77,0.805,1,742,True
waifu2x,2015-05-17,2019-09-09,3,Lua,58,144,232,0.621,0,1576,False
localForage,2013-10-31,2019-09-09,22,JavaScript,253,433,567,0.764,0,2139,True
engineering-blogs,2015-06-13,2019-09-08,0,Ruby,659,60,70,0.857,1,1549,True
monolog,2011-02-17,2019-09-09,32,PHP,530,544,574,0.948,0,3126,True
awesome-vscode,2016-02-07,2019-09-09,0,JavaScript,184,19,29,0.655,0,1310,True
minikube,2016-04-15,2019-09-09,60,Go,2114,2406,2823,0.852,0,1242,False
husky,2014-06-23,2019-09-09,8,JavaScript,107,288,393,0.733,0,1904,True
etcher,2015-10-27,2019-09-08,82,JavaScript,1487,1058,1227,0.862,1,1413,True
skill-map,2015-11-17,2019-09-09,2,HTML,42,13,79,0.165,0,1392,False
prisma,2016-09-25,2019-09-09,179,Scala,1301,2693,3230,0.834,0,1079,False
PowerShell,2016-01-13,2019-09-09,57,C#,3604,4067,6142,0.662,0,1335,True
selenium,2013-01-14,2019-09-09,27,Java,387,5505,5876,0.937,0,2429,True
SnapKit,2014-06-05,2019-09-09,11,Swift,102,403,457,0.882,0,1922,True
faas,2016-12-22,2019-09-09,105,Go,508,556,610,0.911,0,991,False
HelloGitHub,2016-05-04,2019-09-09,8,Python,11,748,768,0.974,0,1223,True
reselect,2015-07-01,2019-09-09,22,JavaScript,89,226,278,0.813,0,1531,True
trackerslist,2016-04-24,2019-09-09,0, ,1,165,169,0.976,0,1233,False
fastai,2017-09-09,2019-09-09,0,Jupyter Notebook,1087,899,902,0.997,0,730,False
MBProgressHUD,2009-05-31,2019-09-09,0,Objective-C,89,314,365,0.86,0,3753,False
idiomatic.js,2011-05-25,2019-09-08,0, ,108,44,74,0.595,1,3029,False
django-rest-framework,2011-03-02,2019-09-09,13,Python,2330,3121,3259,0.958,0,3113,True
Micro8,2019-02-18,2019-09-09,0, ,2,30,40,0.75,0,203,False
coffeescript,2009-12-18,2019-09-09,0,CoffeeScript,807,3991,4026,0.991,0,3552,False
Aerial,2015-10-26,2019-09-09,71,Swift,152,595,613,0.971,0,1414,True
react-native-guide,2015-04-10,2019-09-09,0, ,48,18,19,0.947,0,1613,False
OpenAPI-Specification,2014-03-03,2019-09-09,6, ,525,776,1282,0.605,0,2016,False
slate,2016-06-18,2019-09-09,18,JavaScript,912,1461,1815,0.805,0,1178,True
json,2013-07-04,2019-09-09,28,C++,258,1309,1346,0.973,0,2258,True
bower,2012-09-07,2019-09-07,36,JavaScript,324,1683,1885,0.893,2,2558,True
hubot,2011-08-27,2019-09-08,9,JavaScript,508,679,736,0.923,1,2935,True
jq,2012-07-18,2019-09-08,9,C,183,1112,1545,0.72,1,2609,True
baidu-netdisk-downloaderx,2018-04-23,2019-09-09,1,JavaScript,4,74,75,0.987,0,504,True
my-mac-os,2016-03-04,2019-09-09,0,CSS,14,65,66,0.985,0,1284,False
macOS-Security-and-Privacy-Guide,2015-08-31,2019-09-09,0,Python,117,202,205,0.985,0,1470,True
bat,2018-04-21,2019-09-09,19,Rust,229,361,390,0.926,0,506,False
python-fire,2017-02-21,2019-09-09,5,Python,41,83,122,0.68,0,930,True
reddit,2008-06-18,2019-09-08,0,Python,18,0,0,0,1,4100,True
gorm,2013-10-25,2019-09-09,9,Go,306,1656,2125,0.779,0,2145,False
source-code-pro,2012-08-09,2019-09-09,11,CSS,41,134,170,0.788,0,2587,False
node-lessons,2014-10-05,2019-09-09,0,JavaScript,27,43,125,0.344,0,1800,True
hosts,2017-08-05,2019-09-09,0, ,38,297,339,0.876,0,765,False
sqlmap,2012-06-26,2019-09-09,4,Python,102,3602,3645,0.988,0,2631,True
Boostnote,2016-03-06,2019-09-09,15,JavaScript,976,1601,2039,0.785,0,1282,True
stackedit,2013-03-24,2019-09-09,13,JavaScript,35,952,1428,0.667,0,2360,True
plyr,2015-02-14,2019-09-09,63,JavaScript,216,911,1222,0.745,0,1668,True
ruby-style-guide,2011-09-12,2019-09-08,0, ,301,226,284,0.796,1,2919,False
mojs,2014-06-26,2019-09-08,14,JavaScript,35,112,166,0.675,1,1901,True
anko,2014-09-18,2019-09-08,26,Kotlin,100,371,606,0.612,1,1817,False
awesome-tensorflow,2016-02-27,2019-09-08,0, ,103,10,10,1.0,1,1290,False
tmux,2015-06-03,2019-09-09,25,C,0,1605,1616,0.993,0,1559,True
echo,2015-03-01,2019-09-09,72,Go,278,863,889,0.971,0,1653,False
fks,2012-10-17,2019-09-09,0,JavaScript,81,17,26,0.654,0,2518,True
typeorm,2016-02-29,2019-09-09,0,TypeScript,760,2752,3670,0.75,0,1288,True
mint-ui,2016-05-17,2019-09-09,11,Vue,297,971,1198,0.811,0,1210,False
vue-devtools,2014-09-29,2019-09-09,28,JavaScript,185,612,771,0.794,0,1806,True
apollo,2017-07-04,2019-09-09,7,C++,6984,1469,1891,0.777,0,797,True
highlight.js,2011-01-01,2019-09-09,0,JavaScript,660,863,1149,0.751,0,3173,True
odoo,2014-05-13,2019-09-09,0,JavaScript,6023,9756,10957,0.89,0,1945,True
uikit,2013-07-18,2019-09-09,138,CSS,181,2862,3461,0.827,0,2244,False
osquery,2014-07-29,2019-09-08,96,C++,2960,1652,2194,0.753,1,1868,True
eslint,2013-06-29,2019-09-08,195,JavaScript,4083,7122,7251,0.982,1,2263,True
wekan,2014-01-21,2019-09-09,93,JavaScript,433,1495,2012,0.743,0,2057,True
rocksdb,2012-11-30,2019-09-09,112,C++,538,1463,1726,0.848,0,2474,True
awesome-remote-job,2015-01-02,2019-09-09,0, ,415,31,34,0.912,0,1711,False
Kingfisher,2015-04-06,2019-09-09,118,Swift,367,783,823,0.951,0,1617,True
cleave.js,2016-05-18,2019-09-09,58,JavaScript,106,291,371,0.784,0,1209,True
servo,2012-02-08,2019-09-09,0,Rust,12089,7001,9789,0.715,0,2770,False
howler.js,2013-01-28,2019-09-09,19,JavaScript,101,722,1008,0.716,0,2415,True
keystone,2013-07-02,2019-09-09,16,JavaScript,1734,2145,2438,0.88,0,2260,True
blueprint,2016-10-25,2019-09-08,110,TypeScript,1557,1470,1848,0.795,1,1049,True
handlebars.js,2010-07-31,2019-09-09,0,JavaScript,262,1028,1143,0.899,0,3327,True
react-native-web,2015-06-09,2019-09-08,13,JavaScript,13,982,1053,0.933,1,1553,True
kit,2015-02-03,2019-09-09,9,Go,388,365,416,0.877,0,1679,False
phpunit,2009-12-24,2019-09-09,33,PHP,567,2399,2473,0.97,0,3546,True
q,2010-09-04,2019-09-06,0,JavaScript,148,445,546,0.815,3,3292,True
docker_practice,2014-09-05,2019-09-09,12,Go,220,155,159,0.975,0,1830,False
bootstrap,2012-10-05,2019-09-08,5,JavaScript,69,4185,4455,0.939,1,2530,True
HanLP,2014-10-09,2019-09-09,45,Java,54,668,1192,0.56,0,1796,True
graphql-js,2015-06-30,2019-09-09,97,JavaScript,1212,676,735,0.92,0,1532,True
framework7,2014-02-23,2019-09-09,103,JavaScript,334,2695,2800,0.963,0,2024,True
hexo-theme-next,2014-12-01,2019-09-09,18,CSS,275,1765,1812,0.974,0,1743,False
SwiftGuide,2014-06-14,2019-09-09,0,Swift,25,27,27,1.0,0,1913,True
darknet,2014-04-11,2019-09-09,0,C,9,377,1602,0.235,0,1977,True
wtfjs,2017-07-14,2019-09-09,0,JavaScript,53,27,55,0.491,0,787,True
vue-router,2013-12-11,2019-09-09,60,JavaScript,473,2070,2193,0.944,0,2098,True
generator-jhipster,2013-10-21,2019-09-09,0,JavaScript,4502,5206,5274,0.987,0,2149,True
pace,2013-09-12,2019-09-09,23,CSS,28,138,413,0.334,0,2188,False
ZeroNet,2015-01-12,2019-09-09,22,Python,320,1163,1718,0.677,0,1701,True
curl,2010-03-18,2019-09-09,38,C,97,1801,1831,0.984,0,3462,True
zepto,2010-09-20,2019-09-08,18,HTML,217,677,743,0.911,1,3276,False
react-demos,2015-03-23,2019-09-09,0,JavaScript,13,27,27,1.0,0,1631,True
Flat-UI,2013-03-03,2019-09-08,1,CSS,38,179,188,0.952,1,2381,False
jasmine,2008-12-02,2019-09-08,38,JavaScript,261,1167,1211,0.964,1,3933,True
cypress,2015-03-04,2019-09-09,187,CoffeeScript,917,2854,3845,0.742,0,1650,False
flexbox-layout,2016-05-04,2019-09-09,21,Kotlin,226,186,246,0.756,0,1223,False
mysql,2010-07-29,2019-09-08,0,JavaScript,103,1775,1889,0.94,1,3329,True
dropzone,2012-02-12,2019-09-09,31,JavaScript,68,798,1629,0.49,0,2766,True
superagent,2011-04-13,2019-09-09,55,JavaScript,384,825,921,0.896,0,3071,True
the-super-tiny-compiler,2016-03-11,2019-09-09,0,JavaScript,19,0,0,0,0,1277,True
obs-studio,2013-10-01,2019-09-09,97,C,1027,0,0,0,0,2169,True
android-architecture-components,2017-05-09,2019-09-08,0,Kotlin,144,243,477,0.509,1,853,False
ToolsOfTheTrade,2014-05-29,2019-09-08,0, ,271,35,35,1.0,1,1929,False
spaCy,2014-07-03,2019-09-09,59,Python,912,3049,3216,0.948,0,1894,True
ratchet,2012-08-17,2019-09-08,4,CSS,231,332,535,0.621,1,2579,False
pure-bash-bible,2018-06-13,2019-09-09,0,Shell,21,16,31,0.516,0,453,False
algo,2016-05-15,2019-09-09,2,Python,384,1062,1106,0.96,0,1212,True
Wox,2013-12-19,2019-09-09,25,C#,165,1527,2291,0.667,0,2090,True
pkg,2016-08-08,2019-09-09,22,JavaScript,37,271,677,0.4,0,1127,True
statsd,2010-12-30,2019-09-08,0,JavaScript,285,212,250,0.848,1,3175,True
react-spring,2018-03-07,2019-09-09,4,JavaScript,197,475,565,0.841,0,551,True
tailwindcss,2017-10-06,2019-09-09,51,CSS,425,503,535,0.94,0,703,False
swoole-src,2012-07-21,2019-09-09,172,C++,552,2020,2083,0.97,0,2606,True
masonry,2009-11-21,2019-09-08,22,HTML,10,1041,1057,0.985,1,3579,False
zheng,2016-10-04,2019-09-09,0,Java,10,57,85,0.671,0,1070,True
phoenix,2014-01-20,2019-09-09,20,Elixir,1377,1766,1786,0.989,0,2058,False
parallax,2013-08-01,2019-09-08,11,JavaScript,14,199,237,0.84,1,2230,True
openpose,2017-04-24,2019-09-09,13,C++,108,1145,1161,0.986,0,868,True
tinker,2016-09-06,2019-09-09,28,Java,48,958,1121,0.855,0,1098,True
lectures,2017-02-06,2019-09-08,0, ,4,6,15,0.4,1,945,False
recompose,2015-10-07,2019-09-08,42,JavaScript,246,371,426,0.871,1,1433,True
glances,2011-12-04,2019-09-09,18,Python,339,991,1108,0.894,0,2836,True
Daily-Interview-Question,2019-01-19,2019-09-09,0,JavaScript,14,119,256,0.465,0,233,True
acme.sh,2015-12-26,2019-09-09,24,Shell,738,1022,1418,0.721,0,1353,False
MS-DOS,2018-06-25,2019-09-08,0,Assembly,34,39,52,0.75,1,441,False
websocketd,2013-02-14,2019-09-08,6,Go,78,237,262,0.905,1,2398,False
spf13-vim,2010-04-20,2019-09-08,0,Vim script,256,406,716,0.567,1,3429,False
winston,2010-12-29,2019-09-09,0,JavaScript,328,840,1082,0.776,0,3176,True
validator.js,2010-10-06,2019-09-09,3,JavaScript,343,529,601,0.88,0,3260,True
trix,2013-08-01,2019-09-09,25,CoffeeScript,98,488,518,0.942,0,2230,False
HowToBeAProgrammer,2016-01-04,2019-09-09,0, ,84,17,21,0.81,0,1344,False
sharp,2013-08-19,2019-09-09,16,JavaScript,156,1558,1637,0.952,0,2212,True
vuepress,2018-04-05,2019-09-09,1,JavaScript,495,967,1123,0.861,0,522,True
awesome-blockchain-cn,2017-03-12,2019-09-09,0,JavaScript,7,19,26,0.731,0,911,True
inferno,2015-02-01,2019-09-09,153,JavaScript,523,776,803,0.966,0,1681,True
wechat_jump_game,2017-12-29,2019-09-09,2,Python,146,958,983,0.975,0,619,True
vault,2015-02-25,2019-09-09,0,Go,3746,2696,3146,0.857,0,1657,False
ExoPlayer,2014-06-13,2019-09-09,0,Java,385,5259,5605,0.938,0,1914,True
css-protips,2015-08-29,2019-09-08,0, ,39,37,42,0.881,1,1472,False
medium-editor,2013-05-29,2019-09-08,149,JavaScript,512,595,883,0.674,1,2294,True
ui-router,2013-01-18,2019-09-07,51,TypeScript,289,2810,3152,0.891,2,2425,True
react-loadable,2017-03-09,2019-09-09,0,JavaScript,88,0,0,0,0,914,True
gfwlist,2015-03-13,2019-09-09,0, ,0,1323,1671,0.792,0,1641,False
riot,2013-09-27,2019-09-08,25,JavaScript,434,1996,2000,0.998,1,2173,True
Mask_RCNN,2017-10-19,2019-09-09,3,Python,65,527,1546,0.341,0,690,True
magenta,2016-05-05,2019-09-09,32,Python,862,400,588,0.68,0,1222,True
dva,2016-06-24,2019-09-09,30,JavaScript,186,1893,1927,0.982,0,1172,True
ionicons,2013-10-10,2019-09-08,27,HTML,26,367,625,0.587,1,2160,False
solarized,2011-02-18,2019-09-09,0,Vim script,21,93,242,0.384,0,3125,False
lime,2012-10-03,2019-09-09,0, ,159,378,399,0.947,0,2532,False
airflow,2015-04-13,2019-09-09,11,Python,2645,0,0,0,0,1610,True
chinese-independent-developer,2017-09-21,2019-09-09,0, ,76,40,42,0.952,0,718,False
crystal,2012-11-27,2019-09-09,75,Crystal,2633,3819,4553,0.839,0,2477,False
jenkins,2010-11-22,2019-09-09,5,Java,2921,0,0,0,0,3213,True
ice,2016-11-03,2019-09-09,13,JavaScript,1509,1092,1129,0.967,0,1040,True
N-blog,2013-05-27,2019-09-09,0,JavaScript,25,418,431,0.97,0,2296,True
plaid,2015-10-30,2019-09-09,0,Kotlin,349,233,304,0.766,0,1410,False
ipython,2010-05-10,2019-09-09,27,Python,4771,4941,6126,0.807,0,3409,True
prepack,2015-10-28,2019-09-07,43,JavaScript,500,560,766,0.731,2,1412,True
react-sketchapp,2017-04-21,2019-09-09,16,JavaScript,142,216,257,0.84,0,871,True
cobra,2013-09-03,2019-09-09,5,Go,266,294,478,0.615,0,2197,False
Android-CleanArchitecture,2014-08-19,2019-09-09,0,Java,13,119,241,0.494,0,1847,True
AR.js,2017-02-17,2019-09-08,0,JavaScript,62,418,476,0.878,1,934,True
zju-icicles,2016-06-28,2019-09-09,0,C,68,18,22,0.818,0,1168,True
redash,2013-10-28,2019-09-09,92,Python,2006,1281,1631,0.785,0,2142,True
quick-look-plugins,2013-12-07,2019-09-08,0, ,20,67,70,0.957,1,2102,False
helm,2015-10-06,2019-09-09,76,Go,2333,2680,3477,0.771,0,1434,False
PHPMailer,2011-08-23,2019-09-09,33,PHP,237,1380,1418,0.973,0,2939,True
RedisDesktopManager,2013-08-05,2019-09-09,57,C++,203,4190,4220,0.993,0,2226,True
js-cookie,2015-03-19,2019-09-09,22,JavaScript,39,335,344,0.974,0,1635,True
cs-video-courses,2016-10-21,2019-09-09,0, ,64,18,21,0.857,0,1053,False
egg,2016-06-18,2019-09-09,69,JavaScript,888,2837,2916,0.973,0,1178,True
learnGitBranching,2012-08-13,2019-09-09,0,JavaScript,279,261,288,0.906,0,2583,True
Blog,2017-03-13,2019-09-09,0, ,3,63,138,0.457,0,910,False
pyspider,2014-02-21,2019-09-09,13,Python,88,532,758,0.702,0,2026,True
f8app,2016-03-10,2019-09-09,0,JavaScript,14,186,202,0.921,0,1278,True
fish-shell,2012-05-10,2019-09-09,24,Shell,589,4036,4513,0.894,0,2678,False
cocos2d-x,2010-11-18,2019-09-09,0,C++,12109,3437,4654,0.739,0,3217,True
folly,2012-06-01,2019-09-08,0,C++,3,459,606,0.757,1,2656,True
AspNetCore,2014-03-11,2019-09-09,59,C#,2922,8042,9894,0.813,0,2008,True
awesome-deep-learning,2015-01-02,2019-09-09,0, ,85,11,11,1.0,0,1711,False
Perfect,2015-10-02,2019-09-09,1,Swift,74,131,177,0.74,0,1438,True
professional-programming,2015-11-07,2019-09-09,0,Shell,18,7,7,1.0,0,1402,False
kafka,2011-08-15,2019-09-09,0,Java,1922,0,0,0,0,2947,True
fabric.js,2010-06-09,2019-09-09,81,JavaScript,1297,3843,4175,0.92,0,3379,True
IQKeyboardManager,2013-08-25,2019-09-09,70,Objective-C,90,1380,1426,0.968,0,2206,False
Public-APIs,2016-01-13,2019-09-08,0, ,206,25,27,0.926,1,1335,False
realm-cocoa,2012-04-16,2019-09-08,124,Objective-C,2024,3298,3761,0.877,1,2702,False
IntelliJ-IDEA-Tutorial,2015-08-17,2019-09-09,0, ,37,64,66,0.97,0,1484,False
draggable,2017-09-27,2019-09-09,9,JavaScript,94,122,214,0.57,0,712,True
mars,2016-12-12,2019-09-09,6,C++,38,501,616,0.813,0,1001,True
libuv,2013-11-30,2019-09-09,0,C,376,961,1039,0.925,0,2109,True
hosts,2012-04-12,2019-09-09,152,Python,238,663,716,0.926,0,2706,True
webpack-dashboard,2016-08-14,2019-09-08,22,JavaScript,81,168,201,0.836,1,1121,True
angular-seed,2010-12-24,2019-09-08,0,JavaScript,10,203,212,0.958,1,3181,True
NES.css,2018-09-24,2019-09-08,5,CSS,182,117,135,0.867,1,350,False
v8,2014-09-24,2019-09-08,0,C++,0,0,0,0,1,1811,True
relay,2015-08-10,2019-09-08,49,JavaScript,101,1300,1475,0.881,1,1491,True
celery,2009-04-24,2019-09-09,1,Python,1067,3625,3912,0.927,0,3790,True
Best-App,2013-08-30,2019-09-09,0, ,48,30,62,0.484,0,2201,False
games,2012-01-05,2019-09-08,0, ,192,72,192,0.375,1,2804,False
docusaurus,2017-06-20,2019-09-09,42,JavaScript,1082,528,576,0.917,0,811,True
mustache.js,2009-10-04,2019-09-08,14,JavaScript,142,346,404,0.856,1,3627,True
lazygit,2018-05-19,2019-09-08,57,Go,188,188,268,0.701,1,478,False
Spring,2014-12-26,2019-09-09,0,Swift,60,87,217,0.401,0,1718,True
100-Days-Of-ML-Code,2018-08-05,2019-09-09,0,Jupyter Notebook,43,37,43,0.86,0,400,False
SwitchyOmega,2012-06-08,2019-09-09,51,CoffeeScript,7,1606,1848,0.869,0,2649,False
manim,2015-03-22,2019-09-09,0,Python,316,248,336,0.738,0,1632,True
amazeui,2014-08-04,2019-09-09,25,JavaScript,418,562,692,0.812,0,1862,True
BaiduExporter,2014-07-07,2019-09-08,10,JavaScript,22,606,614,0.987,1,1890,True
chromeless,2017-06-01,2019-09-07,7,TypeScript,88,160,332,0.482,2,830,True
WeChatPlugin-MacOS,2017-04-20,2019-09-08,15,Objective-C,7,423,554,0.764,1,872,False
Carbon,2012-09-08,2019-09-09,132,PHP,800,781,786,0.994,0,2557,True
TensorFlow-Course,2018-10-02,2019-09-09,0,Python,6,6,8,0.75,0,342,True
AsyncDisplayKit,2014-06-27,2019-09-07,27,Objective-C++,1662,1342,1363,0.985,2,1900,False
YYKit,2013-04-10,2019-09-09,0,Objective-C,32,235,460,0.511,0,2343,False
pytorch-tutorial,2017-03-10,2019-09-09,0,Python,21,103,139,0.741,0,913,True
http-api-design,2014-05-07,2019-09-08,0, ,35,17,45,0.378,1,1951,False
iTerm2-Color-Schemes,2011-04-01,2019-09-09,0,Shell,141,43,53,0.811,0,3083,False
hiring-without-whiteboards,2017-03-15,2019-09-08,0,JavaScript,760,0,0,0,1,908,True
Motrix,2018-12-18,2019-09-09,6,JavaScript,51,237,353,0.671,0,265,True
Carthage,2014-10-10,2019-09-08,69,Swift,894,1652,1794,0.921,1,1795,True
functional-programming-jargon,2015-02-22,2019-09-09,0, ,109,42,61,0.689,0,1660,False
material-components-web,2016-12-05,2019-09-09,1,JavaScript,2214,1863,2216,0.841,0,1008,True
fmdb,2010-07-06,2019-09-07,4,Objective-C,135,295,502,0.588,2,3352,False
go,2013-08-14,2019-09-09,0, ,43,22,41,0.537,0,2217,False
redux-thunk,2015-07-13,2019-09-09,12,JavaScript,41,165,167,0.988,0,1519,True
yii2,2012-02-13,2019-09-08,41,PHP,4173,9923,10374,0.957,1,2765,True
joi,2012-09-16,2019-09-08,0,JavaScript,331,1588,1592,0.997,1,2549,True
ML-From-Scratch,2017-02-05,2019-09-09,0,Python,8,30,39,0.769,0,946,True
amphtml,2015-09-01,2019-09-08,431,JavaScript,12232,8013,9398,0.853,1,1469,True
git-extras,2010-08-04,2019-09-09,13,Shell,391,198,284,0.697,0,3323,False
iview-admin,2017-09-15,2019-09-09,30,Vue,90,600,1130,0.531,0,724,False
API-Security-Checklist,2017-07-08,2019-09-09,0, ,83,19,28,0.679,0,793,False
Material-Animations,2015-03-08,2019-09-08,0,Java,12,27,40,0.675,1,1646,True
pwc,2018-09-02,2019-09-09,0, ,10,4,15,0.267,0,372,False
chalk,2013-08-03,2019-09-09,13,JavaScript,66,232,241,0.963,0,2228,True
blessed-contrib,2015-01-14,2019-09-08,0,JavaScript,61,52,108,0.481,1,1699,True
homemade-machine-learning,2018-11-01,2019-09-09,0,Jupyter Notebook,2,7,17,0.412,0,312,False
charts,2017-10-26,2019-09-08,3,JavaScript,47,91,162,0.562,1,683,True
MJRefresh,2014-05-23,2019-09-07,20,Objective-C,67,1089,1178,0.924,2,1935,False
incubator-weex,2017-01-06,2019-09-09,4,C++,1582,548,662,0.828,0,976,True
react-developer-roadmap,2018-06-16,2019-09-09,0,JavaScript,25,15,33,0.455,0,450,True
flatbuffers,2014-05-19,2019-09-09,16,C++,680,972,1127,0.862,0,1939,True
electronic-wechat,2016-02-18,2019-09-09,7,JavaScript,59,397,595,0.667,0,1299,True
gotty,2015-08-16,2019-09-09,16,Go,33,114,174,0.655,0,1485,False
browserify,2010-09-22,2019-09-07,12,JavaScript,214,1082,1392,0.777,2,3274,True
Qix,2014-04-20,2019-09-09,1, ,13,18,18,1.0,0,1968,False
30-seconds-of-css,2018-02-25,2019-09-09,0, ,76,47,51,0.922,0,561,False
WordPress,2011-12-01,2019-09-09,0,PHP,0,0,0,0,0,2839,True
jsdom,2010-01-19,2019-09-08,0,JavaScript,594,1354,1631,0.83,1,3520,True
loopback,2013-04-09,2019-09-09,3,JavaScript,787,2996,3202,0.936,0,2344,True
kibana,2013-01-26,2019-09-09,8,TypeScript,23761,13233,17994,0.735,0,2417,True
WaveFunctionCollapse,2016-09-30,2019-09-09,0,C#,15,29,30,0.967,0,1074,True
nuklear,2015-03-25,2019-09-09,0,C,193,444,638,0.696,0,1629,True
postgrest,2014-06-13,2019-09-09,25,Haskell,416,779,869,0.896,0,1914,False
cayley,2014-06-05,2019-09-09,13,Go,313,319,410,0.778,0,1922,False
svgo,2012-08-22,2019-09-09,32,JavaScript,188,597,840,0.711,0,2574,True
googletest,2015-07-28,2019-09-09,1,C++,546,1202,1312,0.916,0,1504,True
bootstrap-sass,2011-09-06,2019-09-09,13,Ruby,139,811,815,0.995,0,2925,True
electron-react-boilerplate,2015-05-18,2019-09-09,36,JavaScript,558,1027,1059,0.97,0,1575,True
bazel,2014-06-12,2019-09-09,72,Java,18,4929,6744,0.731,0,1915,True
sanic,2016-05-26,2019-09-08,23,Python,724,741,780,0.95,1,1201,True
Mock,2013-04-26,2019-09-09,14,JavaScript,6,123,331,0.372,0,2327,True
HarmonyOS,2019-08-09,2019-09-09,0,C,13,0,0,0,0,31,True
vim-airline,2013-06-30,2019-09-09,10,Vim script,438,1364,1384,0.986,0,2262,False
cheatsheets-ai,2017-05-24,2019-09-09,0, ,2,8,14,0.571,0,838,False
WebViewJavascriptBridge,2011-08-28,2019-09-09,0,Objective-C,77,195,241,0.809,0,2934,False
portainer,2016-05-19,2019-09-09,66,HTML,881,1544,2064,0.748,0,1208,False
Hack,2015-06-21,2019-09-08,15,Shell,58,333,423,0.787,1,1541,False
NativeBase,2016-04-15,2019-09-09,81,JavaScript,439,2175,2272,0.957,0,1242,True
dep,2016-10-07,2019-09-09,12,Go,681,1073,1323,0.811,0,1067,False
Python,2011-11-30,2019-09-09,0,Python,351,37,91,0.407,0,2840,True
immer,2017-12-29,2019-09-09,32,JavaScript,125,242,250,0.968,0,619,True
wiki,2014-02-14,2019-09-09,0, ,46,282,311,0.907,0,2033,False
stream-handbook,2012-08-26,2019-09-08,0,JavaScript,14,11,46,0.239,1,2570,True
fonts,2015-02-11,2019-09-08,0,HTML,792,498,1114,0.447,1,1671,False
popper.js,2016-03-29,2019-09-09,94,JavaScript,226,452,525,0.861,0,1259,True
openface,2015-09-16,2019-09-08,4,Lua,37,351,354,0.992,1,1454,False
symphony,2012-07-05,2019-09-09,33,Java,91,834,836,0.998,0,2622,True
store.js,2010-06-27,2019-09-05,0,JavaScript,55,147,210,0.7,4,3361,True
css-modules,2015-05-25,2019-09-08,0, ,22,214,288,0.743,1,1568,False
forever,2010-09-27,2019-09-08,0,JavaScript,71,579,860,0.673,1,3269,True
awesome-for-beginners,2015-10-24,2019-09-09,0, ,182,40,43,0.93,0,1416,False
PySnooper,2019-04-18,2019-09-09,0,Python,44,66,84,0.786,0,144,True
tomorrow-theme,2011-02-14,2019-09-08,0,CSS,131,76,154,0.494,1,3129,False
handsontable,2011-05-23,2019-09-09,166,JavaScript,388,4860,5425,0.896,0,3031,True
reinforcement-learning,2016-08-24,2019-09-09,0,Jupyter Notebook,56,53,132,0.402,0,1111,False
data,2014-03-17,2019-09-08,0,Jupyter Notebook,41,67,89,0.753,1,2002,False
best-resume-ever,2017-01-30,2019-09-09,0,Vue,125,85,107,0.794,0,952,False
node-inspector,2010-07-17,2019-09-09,0,JavaScript,118,592,814,0.727,0,3341,True
vegeta,2013-08-13,2019-09-09,59,Go,112,251,274,0.916,0,2218,False
front-end-guide,2017-04-24,2019-09-09,0,JavaScript,14,8,9,0.889,0,868,True
rancher,2014-11-07,2019-09-09,399,Go,2852,17542,19362,0.906,0,1767,False
pytudes,2017-03-01,2019-09-09,0,Jupyter Notebook,37,10,16,0.625,0,922,False
Telegram,2013-10-25,2019-09-09,0,Java,15,0,0,0,0,2145,True
black,2018-03-14,2019-09-09,1,Python,232,520,701,0.742,0,544,True
funNLP,2018-08-21,2019-09-09,0,Python,8,12,12,1.0,0,384,True
SwiftLint,2015-05-16,2019-09-09,67,Swift,1109,1193,1462,0.816,0,1577,True
recharts,2015-08-07,2019-09-09,0,JavaScript,206,962,1576,0.61,0,1494,True
openpilot,2016-11-24,2019-09-09,12,C,215,248,273,0.908,0,1019,True
pouchdb,2010-06-10,2019-09-08,62,JavaScript,1365,3749,3797,0.987,1,3378,True
homebridge,2014-12-01,2019-09-09,0,JavaScript,204,1933,2043,0.946,0,1743,True
logrus,2013-10-16,2019-09-09,7,Go,330,322,444,0.725,0,2154,False
Snap.svg,2013-08-15,2019-09-08,0,JavaScript,41,283,513,0.552,1,2216,True
requirejs,2010-02-03,2019-09-09,0,JavaScript,118,1256,1480,0.849,0,3505,True
delve,2014-05-20,2019-09-09,4,Go,543,857,939,0.913,0,1938,False
yoga,2014-04-07,2019-09-09,21,C++,102,250,420,0.595,0,1981,True
CircleImageView,2014-01-17,2019-09-09,0,Java,13,284,291,0.976,0,2061,True
diaspora,2010-09-15,2019-09-08,82,Ruby,1867,4159,4582,0.908,1,3281,True
bitcoinbook,2013-08-11,2019-09-09,3,Python,231,185,249,0.743,0,2220,True
ws,2011-11-09,2019-09-09,52,JavaScript,429,1040,1048,0.992,0,2861,True
libra,2019-04-02,2019-09-09,0,Rust,447,162,262,0.618,0,160,False
Chameleon,2014-07-26,2019-09-09,14,Objective-C,57,106,136,0.779,0,1871,False
awesome-rust,2014-07-17,2019-09-09,0,Rust,592,54,66,0.818,0,1880,False
flatpickr,2015-08-10,2019-09-09,128,TypeScript,299,1285,1490,0.862,0,1491,True
github-do-not-ban-us,2019-07-25,2019-09-09,0,JavaScript,1199,302,308,0.981,0,46,True
You-Dont-Need-JavaScript,2016-07-05,2019-09-09,0,CSS,40,8,33,0.242,0,1161,False
nerdtree,2008-03-10,2019-09-09,0,Vim script,223,697,708,0.984,0,4200,False
luigi,2012-09-20,2019-09-09,42,Python,1634,736,770,0.956,0,2545,True
java8-tutorial,2014-03-16,2019-09-09,0,Java,10,0,0,0,0,2003,True
notable,2018-12-22,2019-09-09,15,TypeScript,25,494,742,0.666,0,261,True
uni-app,2018-07-12,2019-09-09,0,JavaScript,51,541,700,0.773,0,424,True
design-blocks,2017-08-03,2019-09-08,7,HTML,26,53,66,0.803,1,767,False
deepdream,2015-07-01,2019-09-09,0, ,5,0,0,0,0,1531,False
diff-so-fancy,2016-02-04,2019-09-09,30,Perl,117,183,190,0.963,0,1313,False
react-canvas,2015-02-05,2019-09-04,0,JavaScript,21,45,106,0.425,5,1677,True
js-must-watch,2014-06-21,2019-09-07,0, ,22,14,15,0.933,2,1906,False
vivus,2014-05-13,2019-09-09,14,JavaScript,29,172,179,0.961,0,1945,True
sass,2010-09-22,2019-09-09,1,JavaScript,246,2167,2257,0.96,0,3274,True
iscroll,2010-12-03,2019-09-09,0,JavaScript,44,483,969,0.498,0,3202,True
scala,2011-12-01,2019-09-09,50,Scala,6348,0,0,0,0,2839,False
textmate,2012-08-08,2019-09-08,170,Objective-C++,82,0,0,0,1,2588,False
git-recipes,2015-10-10,2019-09-09,0, ,24,46,53,0.868,0,1430,False
predictionio,2013-01-25,2019-09-08,1,Scala,189,0,0,0,1,2418,False
guetzli,2016-10-21,2019-09-08,5,C++,61,67,165,0.406,1,1053,True
ccxt,2017-05-14,2019-09-09,0,JavaScript,1710,3444,3750,0.918,0,848,True
apollo-client,2016-02-26,2019-09-09,0,TypeScript,2365,2064,2291,0.901,0,1291,True
matomo,2011-03-30,2019-09-09,427,PHP,3266,8690,10396,0.836,0,3085,True
mui,2014-08-18,2019-09-09,25,JavaScript,16,117,426,0.275,0,1848,True
coreclr,2015-01-30,2019-09-09,72,C#,14842,7529,9507,0.792,0,1683,True
FileSaver.js,2011-07-15,2019-09-09,13,JavaScript,60,427,473,0.903,0,2978,True
selectize.js,2012-08-29,2019-09-08,20,JavaScript,103,605,1157,0.523,1,2567,True
react-dnd,2014-10-19,2019-09-09,114,TypeScript,339,1047,1093,0.958,0,1786,True
SpaceVim,2016-12-26,2019-09-09,14,Vim script,1416,1467,1506,0.974,0,987,False
grunt,2011-09-21,2019-09-08,0,JavaScript,84,1075,1211,0.888,1,2910,True
graphql-spec,2015-07-01,2019-09-09,5,Shell,195,285,348,0.819,0,1531,False
ink,2017-06-12,2019-09-08,18,JavaScript,66,92,127,0.724,1,819,True
lazysizes,2014-10-11,2019-09-09,86,JavaScript,49,493,604,0.816,0,1794,True
pytorch-transformers,2018-10-29,2019-09-09,12,Python,244,678,895,0.758,0,315,True
PromiseKit,2014-04-04,2019-09-08,56,Swift,253,740,755,0.98,1,1984,True
toml,2013-02-24,2019-09-09,5, ,256,297,324,0.917,0,2388,False
rbenv,2011-08-01,2019-09-08,10,Shell,122,835,862,0.969,1,2961,False
fastify,2016-09-28,2019-09-09,125,JavaScript,918,690,735,0.939,0,1076,True
CocoaPods,2011-08-14,2019-09-09,154,Ruby,1408,7167,7331,0.978,0,2948,True
n,2011-01-05,2019-09-09,21,Shell,119,374,380,0.984,0,3169,False
solved-by-flexbox,2013-08-31,2019-09-07,0,CSS,21,68,88,0.773,2,2200,False
NLP-progress,2018-06-22,2019-09-09,0,Python,244,44,60,0.733,0,444,True
Screenshot-to-code,2017-10-16,2019-09-08,0,HTML,5,33,35,0.943,1,693,False
lottie-react-native,2017-01-27,2019-09-09,0,Java,97,331,410,0.807,0,955,True
redux-form,2015-07-31,2019-09-08,196,JavaScript,719,3146,3587,0.877,1,1501,True
quasar,2015-10-05,2019-09-09,145,JavaScript,1452,3000,3177,0.944,0,1435,True
sqlitebrowser,2014-05-04,2019-09-08,30,C++,315,1250,1608,0.777,1,1954,True
roslyn,2015-01-11,2019-09-09,38,C#,15767,13287,19477,0.682,0,1702,True
Signal-Android,2011-12-15,2019-09-09,0,Java,235,6541,6899,0.948,0,2825,True
SVProgressHUD,2011-03-28,2019-09-09,0,Objective-C,125,612,650,0.942,0,3087,False
fullstack,2019-06-02,2019-09-09,0,TypeScript,9,18,29,0.621,0,99,True
react-native-vector-icons,2015-05-15,2019-09-09,55,JavaScript,116,659,861,0.765,0,1578,True
mean,2013-05-22,2019-09-06,15,TypeScript,370,1219,1232,0.989,3,2301,True
react-redux-universal-hot-example,2015-06-23,2019-09-06,1,JavaScript,303,438,807,0.543,3,1539,True
node_redis,2010-09-14,2019-09-08,31,JavaScript,220,885,949,0.933,1,3282,True
cli,2013-07-13,2019-09-09,10,Go,354,345,408,0.846,0,2249,False
mybatis-3,2013-02-14,2019-09-09,29,Java,480,806,902,0.894,0,2398,True
bootstrap-datepicker,2012-03-17,2019-09-08,18,JavaScript,464,935,1628,0.574,1,2732,True
chartist-js,2014-03-09,2019-09-08,5,JavaScript,100,701,992,0.707,1,2010,True
javascript-questions,2019-06-12,2019-09-09,0, ,105,65,76,0.855,0,89,False
spectacle,2010-07-11,2019-09-08,0,Objective-C,31,714,853,0.837,1,3347,False
core,2014-11-18,2019-09-09,75,Shell,840,2206,2302,0.958,0,1756,False
create-react-native-app,2017-01-11,2019-09-08,0,JavaScript,64,666,666,1.0,1,971,True
fanqiang,2015-01-14,2019-09-09,0,JavaScript,0,247,379,0.652,0,1699,True
numpy,2010-09-13,2019-09-09,41,C,5355,5882,7622,0.772,0,3283,True
graphql-engine,2018-06-18,2019-09-08,51,JavaScript,1039,983,1495,0.658,1,448,True
Virgilio,2019-03-12,2019-09-09,0,Jupyter Notebook,50,6,7,0.857,0,181,False
youmightnotneedjquery,2014-01-16,2019-09-09,0,HTML,43,41,101,0.406,0,2062,False
GSYVideoPlayer,2016-11-13,2019-09-09,13,Java,9,2167,2183,0.993,0,1030,True
mithril.js,2014-03-17,2019-09-08,30,JavaScript,854,1265,1402,0.902,1,2002,True
LearningNotes,2016-06-08,2019-09-08,0, ,17,6,67,0.09,1,1188,False
parsedown,2013-07-10,2019-09-09,24,PHP,120,437,472,0.926,0,2252,True
fabric,2009-05-01,2019-09-08,0,Python,108,1197,1524,0.785,1,3783,True
FizzBuzzEnterpriseEdition,2012-11-24,2019-09-08,0,Java,55,56,335,0.167,1,2480,True
leetcode,2014-10-20,2019-09-09,0,C++,71,32,47,0.681,0,1785,True
Dress,2018-02-11,2019-09-09,0,Standard ML,268,167,223,0.749,0,575,False
zipkin,2012-06-06,2019-09-09,54,Java,1310,813,1049,0.775,0,2651,True
nodemailer,2011-01-19,2019-09-09,0,JavaScript,134,874,884,0.989,0,3155,True
logger,2015-03-20,2019-09-09,16,Java,28,130,174,0.747,0,1634,True
Functional-Light-JS,2016-08-17,2019-09-09,0,JavaScript,38,100,113,0.885,0,1118,True
greenDAO,2011-10-22,2019-09-09,7,Java,32,739,868,0.851,0,2879,True
seata,2018-12-28,2019-09-09,22,Java,591,653,824,0.792,0,255,True
tfjs,2018-03-05,2019-09-09,14,TypeScript,294,1216,1660,0.733,0,553,True
bootswatch,2012-02-07,2019-09-09,0,JavaScript,145,688,689,0.999,0,2771,True
redox,2015-04-20,2019-09-09,23,Makefile,580,0,0,0,0,1603,False
CocoaLumberjack,2011-03-31,2019-09-08,38,Objective-C,436,543,554,0.98,1,3084,False
Respond,2011-02-07,2019-09-08,5,JavaScript,35,179,255,0.702,1,3136,True
dnSpy,2015-07-01,2019-09-09,1,C#,40,1100,1195,0.921,0,1531,True
nginx-proxy,2014-05-05,2019-09-09,0,Python,159,506,966,0.524,0,1953,True
DZNEmptyDataSet,2014-06-03,2019-09-08,0,Objective-C,74,145,312,0.465,1,1924,False
Awesome-Linux-Software,2016-08-06,2019-09-09,0,Python,340,88,95,0.926,0,1129,True
NeteaseCloudMusicApi,2016-06-22,2019-09-09,65,JavaScript,57,503,509,0.988,0,1174,True
goreplay,2013-05-30,2019-09-08,31,Go,196,291,436,0.667,1,2293,False
ScrollMagic,2013-09-23,2019-09-08,14,JavaScript,33,396,837,0.473,1,2177,True
